method,step,n,interval_average_reward_mean,interval_average_reward_se,interval_average_reward_ci95,stream_average_reward_mean,stream_average_reward_se,stream_average_reward_ci95,interval_goals_per_1000_mean,interval_goals_per_1000_se,interval_goals_per_1000_ci95,interval_collision_rate_mean,interval_collision_rate_se,interval_collision_rate_ci95,exact_policy_gain_mean,exact_policy_gain_se,exact_policy_gain_ci95,exact_policy_goal_rate_per_1000_mean,exact_policy_goal_rate_per_1000_se,exact_policy_goal_rate_per_1000_ci95,reward_rate_estimate_mean,reward_rate_estimate_se,reward_rate_estimate_ci95,model_tv_error_mean,model_tv_error_se,model_tv_error_ci95
q_learning,1000,30,1.0318666666666667,0.07537086441765899,0.1477268942586116,1.0318666666666667,0.07537086441765899,0.1477268942586116,103.53333333333333,3.612154874205845,7.079823553443456,0.14233333333333334,0.002429858958743691,0.004762523559137634,1.3964007532650808,0.21409981726590233,0.4196356418411685,122.54843496295834,8.589351978078026,16.83512987703293,2.2542554779688495,0.07937301631475338,0.15557111197691662,nan,nan,nan
q_learning,2000,30,2.0161666666666664,0.03443588356102326,0.06749433177960559,1.5240166666666668,0.04854175524139716,0.09514184027313843,147.66666666666666,1.578835110615865,3.0945168168070953,0.08483333333333333,0.002590026553511126,0.005076452044881807,1.1967776306071047,0.15646966160490866,0.30668053674562096,114.88654167837421,6.327478044742641,12.401856967695576,2.4894693449614658,0.058569316808842135,0.11479586094533058,nan,nan,nan
q_learning,3000,30,2.0690666666666666,0.02683846670395231,0.05260339473974653,1.7056999999999998,0.03875373454586792,0.07595731970990112,150.03333333333333,1.224729229594752,2.400469290005714,0.08163333333333335,0.0020468553584065356,0.00401183650247681,1.6139156162405326,0.13565427171588842,0.2658823725631413,131.83464150160896,5.535488936355898,10.849558315257559,2.4808568795583286,0.042368934406111274,0.08304311143597809,nan,nan,nan
q_learning,4000,30,2.1058000000000003,0.03122857518437203,0.06120800736136918,1.8057249999999998,0.032290276796192265,0.06328894252053684,151.6,1.4244176063364913,2.791858508419523,0.07780000000000001,0.002515423686347706,0.004930230425241503,1.8817919806949726,0.08479895262139099,0.16620594713792633,142.82944219226758,3.390193218745629,6.644778708741433,2.4150355422512897,0.05247099659216433,0.10284315332064209,nan,nan,nan
q_learning,5000,30,2.083466666666667,0.0322955366238704,0.06329925178278598,1.8612733333333336,0.02835953484911622,0.05558468830426779,150.56666666666666,1.474443852552379,2.889909951002663,0.07843333333333334,0.0025840729382491452,0.005064782958968324,1.783336273599007,0.08513933618814774,0.1668730989287696,138.6519466262673,3.65172083393929,7.157372834521008,2.3359637471004797,0.04509525473344787,0.08838669927755782,nan,nan,nan
q_learning,6000,30,2.1024666666666665,0.024455671054855455,0.047933115267516695,1.9014722222222222,0.024270918066986863,0.04757099941129425,151.5,1.138409860943875,2.231283327449995,0.07903333333333334,0.002067528555909667,0.0040523559695829475,2.0133223780872074,0.05449459871789291,0.1068094134870701,147.87499006848924,2.279339701519855,4.4675058149789155,2.3963445327759603,0.036021616088992923,0.07060236753442613,nan,nan,nan
q_learning,7000,30,2.0852666666666666,0.02765040097954281,0.054194785919903905,1.9277285714285715,0.02321438635825095,0.04550019726217186,150.46666666666667,1.264668720724948,2.478750692620898,0.07453333333333334,0.002388060981014125,0.004680599522787685,1.9556869882620547,0.07470703636831534,0.14642579128189806,145.1149925370431,3.3085133857157074,6.484686236002786,2.339195969754168,0.03592449441966708,0.07041200906254748,nan,nan,nan
q_learning,8000,30,2.108566666666667,0.02832089043884464,0.055508945260135494,1.9503333333333333,0.021367594110361,0.04188048445630756,151.46666666666667,1.3128308741854602,2.5731485134035017,0.07223333333333334,0.0022589201638201846,0.004427483521087561,1.9656137674628165,0.08546567493803907,0.16751272287855656,145.44252302316332,3.810919228864607,7.46940168857463,2.351642820831981,0.041547288364532246,0.0814326851944832,nan,nan,nan
q_learning,9000,30,2.1205333333333334,0.032915975694770123,0.06451531236174944,1.9692444444444444,0.02063914549257862,0.0404527251654541,152.16666666666666,1.507897473063746,2.955479047204942,0.07496666666666665,0.002749078563844906,0.005388193985136016,1.9943546086780415,0.06735394377099793,0.13201372979115594,147.14660208700454,2.779330471416264,5.447487723975877,2.3467840793094816,0.036722729082216875,0.07197654900114507,nan,nan,nan
q_learning,10000,30,2.130733333333333,0.028194151726393207,0.055260537383730685,1.9853933333333338,0.01965347030473644,0.03852080179728342,152.73333333333332,1.2666666666666666,2.4826666666666664,0.07666666666666666,0.002706456024870788,0.005304653808746744,1.9621479195288758,0.058461380866944836,0.11458430649921188,145.52762245474105,2.523230036451223,4.945530871444396,2.3952215528596423,0.045189688886198086,0.08857179021694825,nan,nan,nan
q_learning,11000,30,2.1224,0.026243799486626414,0.05143784699378777,1.997848484848484,0.019014895858934885,0.03726919588351237,152.36666666666667,1.1817416849555937,2.3162137025129637,0.07730000000000001,0.003093615970044592,0.006063487301287401,1.9560106837303175,0.11251766175390232,0.22053461703764854,145.15658416115468,5.079654384460817,9.956122593543201,2.3774411006422715,0.041374957468732286,0.08109491663871528,nan,nan,nan
q_learning,12000,30,2.107666666666667,0.017862523108473968,0.035010545292608976,2.007,0.018002765592139373,0.03528542056059317,151.7,0.7967606831457591,1.5616509389656879,0.07803333333333336,0.0022775684419272316,0.0044640341461773736,2.085113833918499,0.035591830855354153,0.06975998847649414,151.03949242812254,1.3777726316631167,2.7004343580597086,2.3605039914545083,0.03684797918560271,0.07222203920378131,nan,nan,nan
q_learning,13000,30,2.1149333333333336,0.02587551691230394,0.05071601314811572,2.015302564102564,0.016941468156822237,0.03320527758737159,151.9,1.2028223514698264,2.35753180888086,0.07496666666666668,0.0024823437818604003,0.0048653938124463844,2.0241802380208593,0.06695736037187727,0.13123642632887944,148.31259229153133,2.943210781181175,5.768693131115103,2.329589619157288,0.053686792602662084,0.10522611350121769,nan,nan,nan
q_learning,14000,30,2.0794,0.026225879996850353,0.05140272479382669,2.0198809523809524,0.016023357164530554,0.03140578004247989,150.26666666666668,1.229833493386783,2.4104736470380943,0.0762,0.0024665113340342753,0.004834362214707179,2.123402781068338,0.03116970047162536,0.061092612924385704,152.62197196538455,1.2043517392005791,2.360529408833135,2.3481314107911553,0.04647282646276383,0.0910867398670171,nan,nan,nan
q_learning,15000,30,2.1772333333333336,0.027901661604759542,0.054687256745328705,2.030371111111111,0.015521184364275069,0.030421521353979134,154.93333333333334,1.2775095503913059,2.5039187187669594,0.07636666666666667,0.0022649164980844258,0.004439236336245474,1.8293910916843514,0.1692988194958531,0.3318256862118721,139.53790091541813,7.350462511497523,14.406906522535145,2.3742810215600723,0.047973282143398036,0.09402763300106015,nan,nan,nan
q_learning,16000,30,2.1053,0.022913237151952343,0.04490994481782659,2.0350541666666664,0.01536077650579915,0.030107121951366334,151.36666666666667,1.0333333333333332,2.025333333333333,0.0734,0.0029214230511307605,0.005725989180216291,2.056177662351862,0.05593969921479501,0.10964181046099822,149.22524176259722,2.5407857119251043,4.979939995373204,2.3687782247497693,0.04159903969443983,0.08153411780110206,nan,nan,nan
q_learning,17000,30,2.1316333333333337,0.030906588343994457,0.06057691315422913,2.0407352941176473,0.015590117316574531,0.03055662994048608,152.56666666666666,1.4172040900837788,2.7777200165642064,0.07226666666666667,0.002384303716928568,0.004673235285179994,2.075664912612458,0.05124891416061049,0.10044787175479655,150.17649370176005,2.415825151021403,4.735017296001949,2.353566695927947,0.04394207595496425,0.08612646887172994,nan,nan,nan
q_learning,18000,30,2.1448666666666667,0.02768782185234517,0.054268130830596534,2.0465203703703705,0.015008454758178032,0.029416571326028942,153.23333333333332,1.231467989824212,2.4136772600554557,0.07303333333333333,0.0030548560676191814,0.005987517892533595,1.9651698390254129,0.11088212762238593,0.21732897013987643,146.13063567485418,4.375576323721806,8.57612959449474,2.363045173503844,0.04182750486416293,0.08198190953375935,nan,nan,nan
q_learning,19000,30,2.0996333333333337,0.02868851679973335,0.056229492927477365,2.049315789473684,0.014598213882827943,0.028612499210342767,151.1,1.3203534880225574,2.587892836524212,0.0734666666666667,0.0019865833508719653,0.0038937033677090517,2.134722292074408,0.03000566668097801,0.0588111066947169,152.80921931848144,1.4072065972720256,2.75812493065317,2.356506542964782,0.04271113711593828,0.08371382874723904,nan,nan,nan
q_learning,20000,30,2.1141666666666667,0.023721035978487966,0.04649323051783641,2.052558333333333,0.014027561557075694,0.02749402065186836,151.86666666666667,1.0835587740673034,2.1237751971719145,0.07503333333333333,0.002631149975119412,0.005157053951234047,1.9978798962783892,0.10163283349651671,0.19920035365317273,147.52182526166297,4.019428527974525,7.878079914830069,2.369662750570498,0.0325769035397407,0.06385073093789177,nan,nan,nan
q_learning,21000,30,2.1065,0.027396188593037676,0.053696529642353844,2.055126984126984,0.013625814137972855,0.026706595710426797,151.53333333333333,1.299631542243366,2.5472778227969974,0.07570000000000002,0.00212492055294353,0.004164844283769319,2.1390277614888875,0.03062181627404602,0.0600187598971302,153.27822605360305,1.1915629475433311,2.335463377184929,2.315738876828342,0.038907740719558756,0.07625917181033516,nan,nan,nan
q_learning,22000,30,2.1502333333333334,0.02507091933233766,0.04913900189138182,2.0594500000000004,0.013201201716141652,0.02587435536363764,153.33333333333334,1.1329275811871469,2.220538059126808,0.06976666666666667,0.002017557037227804,0.003954411792966495,2.1611471948709586,0.0251055272826147,0.049206833473924814,154.024902340517,1.1242751152794013,2.2035792259476263,2.337905932763694,0.043910551793778015,0.0860646815158049,nan,nan,nan
q_learning,23000,30,2.1239666666666666,0.029693045872393704,0.058198369909891655,2.0622550724637683,0.01306323520090094,0.02560394099376584,152.06666666666666,1.3754274849236963,2.6958378704504447,0.06943333333333333,0.0019008064430918832,0.003725580628460091,2.0940406803306777,0.045744548427733046,0.08965931491835677,150.57327561015808,2.244087224977643,4.398410960956181,2.3875789721616356,0.04919418237542551,0.096420597455834,nan,nan,nan
q_learning,24000,30,2.146066666666667,0.02284263674884856,0.044771568027743174,2.0657472222222224,0.012666995756799132,0.0248273116833263,153.16666666666666,1.0603440488425013,2.0782743357313027,0.07043333333333335,0.0024219700033893915,0.004747061206643207,1.882550581436703,0.16385187433524964,0.3211496736970893,142.11793272061357,6.82457208709191,13.376161290700145,2.3850944088054695,0.032244252656792045,0.06319873520731241,nan,nan,nan
q_learning,25000,30,2.1035,0.03277399971732568,0.06423703944595834,2.067257333333333,0.012616218670738573,0.024727788594647603,151.23333333333332,1.5167140323537256,2.972759503413302,0.07239999999999999,0.002434710679311614,0.004772032931450764,1.854041726812028,0.1401957755623557,0.2747837201022172,139.9874197666455,6.412070195645477,12.567657583465135,2.252645279517432,0.048727608977589404,0.09550611359607523,nan,nan,nan
q_learning,26000,30,2.1560333333333332,0.02511021605226787,0.049216023462445024,2.070671794871795,0.012224865355929102,0.02396073609762104,153.8,1.1777633195093187,2.3084161062382647,0.07376666666666666,0.002700227037424788,0.0052924449933525845,2.0220498244088687,0.07624282821041113,0.1494359432924058,147.7560708744259,3.4425300222609083,6.74735884363138,2.4097772271750193,0.045018521592690576,0.08823630232167352,nan,nan,nan
q_learning,27000,30,2.102333333333333,0.031613627693428306,0.06196271027911948,2.0718444444444444,0.011915078847948282,0.02335355454197863,151.13333333333333,1.4469415491799575,2.8360054363927167,0.07146666666666666,0.002682310435432605,0.005257328453447906,2.056378515334545,0.09379981545336191,0.18384763828858935,149.18457463893003,4.29538515254679,8.418954898991707,2.3500510225234867,0.0427441651052283,0.08377856360624747,nan,nan,nan
q_learning,28000,30,2.1438,0.025762371205208242,0.050494247562208154,2.0744142857142855,0.01177926075986061,0.023087351089326795,153.03333333333333,1.1856259158185334,2.3238267950043254,0.06990000000000002,0.0025812542616368483,0.005059258352808222,1.9724558651322732,0.10345969117340352,0.2027809946998709,145.73892035271723,4.305687030755094,8.439146580279985,2.347712230967757,0.041039139740801193,0.08043671389197034,nan,nan,nan
q_learning,29000,30,2.106033333333333,0.0348052870647957,0.06821836264699957,2.0755045977011495,0.011509970563457234,0.02255954230437618,151.53333333333333,1.597939285982363,3.1319610005254312,0.07616666666666669,0.0029180702698216265,0.005719417728850388,1.8081181904678245,0.18568885211604175,0.3639501501474418,138.68568123530721,8.031657484167063,15.742048668967444,2.363653892312686,0.04262752459833538,0.08354994821273734,nan,nan,nan
q_learning,30000,30,2.128166666666667,0.028369527254227422,0.05560427341828575,2.07726,0.011421437731159039,0.022386017953071716,152.56666666666666,1.300471473597113,2.5489240882503417,0.07573333333333333,0.0028954714278113737,0.0056751239985102925,2.0766128225907496,0.09160657417489136,0.17954888538278707,150.14643753338595,4.218155841722813,8.267585449776712,2.3936705856640037,0.04135257802240615,0.08105105292391605,nan,nan,nan
sarsa_lambda,1000,30,1.1049666666666667,0.11632874031706347,0.2280043310214444,1.1049666666666667,0.11632874031706347,0.2280043310214444,106.86666666666666,5.5108531023525575,10.801272080611012,0.13923333333333332,0.004843928142194441,0.009494099158701105,1.6073391237658903,0.1897815337654682,0.37197180618031767,131.30343538634583,7.952947190343587,15.58777649307343,1.7472935747487464,0.1231461565496354,0.24136646683728538,nan,nan,nan
sarsa_lambda,2000,30,1.9248999999999998,0.11453968192566355,0.22449777657430056,1.514933333333333,0.10896749682352383,0.2135762937741067,142.96666666666667,5.5519455704156755,10.881813318014723,0.0774,0.004338970692072794,0.008504382556462676,1.3681693069264624,0.17810916394902315,0.34909396134008536,121.7022454963025,7.523990302487564,14.747020992875626,1.9438729593602702,0.11501443484461689,0.2254282922954491,nan,nan,nan
sarsa_lambda,3000,30,1.9660666666666666,0.10695292694627613,0.2096277368147012,1.6653111111111112,0.10506132118446407,0.20592018952154956,145.1,5.188260399884675,10.168990383773963,0.08103333333333332,0.0038671868457079827,0.007579686217587646,1.4085383895938366,0.15895925228765398,0.3115601344838018,123.39875588904562,6.901212115715486,13.526375746802353,1.9612327892723238,0.10962308805133153,0.21486125258060979,nan,nan,nan
sarsa_lambda,4000,30,2.0097000000000005,0.10908031576483596,0.21379741889907847,1.7514083333333335,0.10349142996012556,0.20284320272184608,147.1,5.277004984761281,10.34292977013211,0.07940000000000001,0.004114622089880034,0.008064659296164867,1.5626156301872787,0.17502176104959358,0.3430426516572034,129.17111574734358,7.644206655439694,14.9826450446618,2.0054128356966063,0.11424914455902781,0.22392832333569448,nan,nan,nan
sarsa_lambda,5000,30,2.028366666666667,0.11039711477294852,0.2163783449549791,1.8068000000000002,0.10381712347410123,0.2034815620092384,148.0,5.330458995569544,10.447699631316306,0.07963333333333335,0.0038674840594618578,0.007580268756545241,1.8715459049825247,0.13747416380872657,0.2694493610651041,141.10505398903084,6.391085056717347,12.526526711166,2.036869079416127,0.11568995928380592,0.2267523201962596,nan,nan,nan
sarsa_lambda,6000,30,1.9855666666666667,0.10576281948149042,0.20729512618372123,1.8365944444444444,0.10344488438264249,0.20275197338997927,145.83333333333334,5.133635608356612,10.06192579237896,0.07693333333333334,0.003585069079740781,0.007026735396291931,1.8020160049654939,0.12595069524618707,0.24686336268252665,139.24444150418302,5.689227183551416,11.150885279760775,1.9695503448154796,0.11020480401257776,0.2160014158646524,nan,nan,nan
sarsa_lambda,7000,30,2.0300333333333334,0.10699849051823149,0.20971704141573372,1.8642285714285716,0.10333507545087353,0.20253674788371212,147.8,5.1911507372654375,10.174655445040257,0.07376666666666669,0.003179200844184405,0.006231233654601434,1.9847181696039222,0.11003089811858421,0.21566056031242506,146.0344998776818,5.277441185803627,10.343784724175109,2.0263848767842814,0.11072391504113867,0.21701887348063179,nan,nan,nan
sarsa_lambda,8000,30,2.015766666666667,0.10955953279406426,0.21473668427636594,1.8831708333333332,0.10340873097742333,0.2026811127157497,146.96666666666667,5.295081937072033,10.378360596661185,0.07053333333333334,0.003715680761974071,0.0072827342934691786,1.8801950811139625,0.137365702274558,0.26923677645813365,142.1838308343856,6.09650815921413,11.949155992059694,1.9909526972791893,0.11053998063523775,0.21665836204506597,nan,nan,nan
sarsa_lambda,9000,30,2.0287666666666664,0.11085171500841347,0.2172693614164904,1.8993481481481482,0.10331463923148868,0.2024966928937178,147.56666666666666,5.364567305522313,10.514551918823734,0.07013333333333333,0.0034084861416437905,0.006680632837621829,1.951472682315289,0.11378462957269199,0.2230178739624763,144.85594566017897,5.381873664281118,10.54847238199099,1.997533207458144,0.10764774000882671,0.21098957041730035,nan,nan,nan
sarsa_lambda,10000,30,2.0485333333333333,0.10825421053989936,0.21217825265820275,1.9142666666666666,0.10347563468363011,0.202812243979915,148.5,5.245852220301424,10.281870351790792,0.06996666666666666,0.003020041612461021,0.005919281560423601,1.9684073806144484,0.122178969072333,0.23947077938177266,144.96906051843365,5.901822141894284,11.567571398112797,2.0643611365832784,0.1131607293658174,0.22179502955700212,nan,nan,nan
sarsa_lambda,11000,30,2.0496,0.10924271826649531,0.21411572780233082,1.9265696969696966,0.10351839946548885,0.20289606295235815,148.63333333333333,5.293562200095841,10.375381912187848,0.0717,0.003510296840446115,0.006880181807274385,1.8861813686362383,0.14053314099149275,0.2754449563433258,141.56773770473305,6.510463587837847,12.76050863216218,2.0393127593460876,0.11967842115192176,0.23456970545776665,nan,nan,nan
sarsa_lambda,12000,30,1.9912000000000003,0.10679860087765798,0.20932525772020963,1.9319555555555554,0.10352559119435802,0.2029101587409417,145.96666666666667,5.1778669849089365,10.148619290421514,0.07410000000000003,0.0037537261181544586,0.007357303191582739,1.841040469307603,0.15653820172329386,0.30681487537765595,140.081165616265,6.823621137248531,13.37429742900712,2.011527658761758,0.11295853443627744,0.22139872749510378,nan,nan,nan
sarsa_lambda,13000,30,2.002566666666667,0.10723586296810135,0.21018229141747866,1.9373871794871795,0.10356565834826138,0.20298869036259232,146.46666666666667,5.204934293165341,10.201671214604067,0.07323333333333333,0.0030751818312124497,0.006027356389176401,1.8857537714340302,0.11880934317338585,0.23286631261983626,141.22740864669362,5.702510639389678,11.17692085320377,1.9982780091851897,0.10935491982832618,0.2143356428635193,nan,nan,nan
sarsa_lambda,14000,30,1.9904333333333328,0.10649378248898973,0.20872781367841986,1.9411761904761908,0.10354052671516063,0.20293943236171483,145.93333333333334,5.175968637945575,10.144898530373327,0.07416666666666667,0.0032582638820243238,0.006386197208767675,1.8728319256087846,0.11917376429400721,0.23358057801625412,141.1782532178228,5.668536836114893,11.11033219878519,2.0078823646929216,0.10979426760020546,0.21519676449640268,nan,nan,nan
sarsa_lambda,15000,30,2.1027666666666662,0.11050444088786068,0.21658870414020692,1.9519488888888892,0.10379473390320249,0.20343767845027685,151.16666666666666,5.352855792387799,10.491597353080085,0.07173333333333334,0.0036071236458109644,0.00706996234578949,2.011345436515891,0.11385414989048585,0.22315413378535226,146.93050764435654,5.462463707981015,10.706428867642789,2.078260865870462,0.11421307096549868,0.22385761909237742,nan,nan,nan
sarsa_lambda,16000,30,1.9937333333333336,0.10940237797467386,0.21442866083036077,1.9545604166666668,0.1038272478695916,0.20350140582439954,145.86666666666667,5.288620038886213,10.365695276216977,0.06946666666666666,0.0038136877899727145,0.0074748280683465205,2.0424383286080285,0.1069717147086625,0.2096645608289785,148.40428243990493,5.178629835355864,10.150114477297494,2.014132274873653,0.11278901947040726,0.22106647816199823,nan,nan,nan
sarsa_lambda,17000,30,2.0505999999999998,0.10935383463521198,0.21433351588501548,1.9602098039215685,0.10389914592253695,0.20364232600817242,148.63333333333333,5.291824823412603,10.371976653888701,0.0707,0.0036593919474808053,0.007172408217062378,1.9645232814036375,0.11633145694643633,0.2280096556150152,145.19800792619222,5.483444836268975,10.747551879087192,2.0492083061605775,0.10941594687768083,0.21445525588025444,nan,nan,nan
sarsa_lambda,18000,30,2.0286666666666666,0.11010669155371176,0.21580911544527506,1.9640129629629628,0.1039571058731677,0.2037559275114087,147.66666666666666,5.317577301035729,10.422451510030028,0.07233333333333335,0.0034012618798732524,0.006666473284551575,1.9445326356049608,0.11133562788406631,0.21821783065276998,144.351647140234,5.316474885386599,10.420290775357733,2.0289834012420567,0.11415980681511946,0.22375322135763415,nan,nan,nan
sarsa_lambda,19000,30,1.9895,0.1071353505306877,0.2099852870401479,1.965354385964912,0.1038736877457984,0.20359242798176486,145.86666666666667,5.198526168973463,10.189111291187988,0.0737,0.0033869764090412994,0.0066384737617209465,1.9504429407258925,0.1110630880998954,0.21768365267579498,144.79595920155663,5.2849316818689065,10.358466096463056,1.999658983017783,0.1118782342925978,0.2192813392134917,nan,nan,nan
sarsa_lambda,20000,30,2.0144333333333333,0.1084261991003143,0.21251535023661602,1.9678083333333334,0.10387912657151356,0.20360308808016658,147.16666666666666,5.258618177249573,10.306891627409161,0.07606666666666667,0.003663718773192362,0.007180888795457029,1.9084838034243485,0.13618891287741083,0.26693026923972524,142.27680268049622,6.526269607674254,12.791488431041538,1.9974560727358535,0.10919228320310916,0.21401687507809394,nan,nan,nan
sarsa_lambda,21000,30,2.0012666666666665,0.10624213218559289,0.20823457908376206,1.9694015873015873,0.10384847872073279,0.20354301829263627,146.46666666666667,5.165031257671178,10.123461265035507,0.07453333333333334,0.0030867657192219797,0.00605006080967508,1.9830448827557234,0.13633786265282807,0.267222210799543,145.52759815459902,6.4964845424866,12.733109703273737,1.9888767078439373,0.11133425490799274,0.21821513961966577,nan,nan,nan
sarsa_lambda,22000,30,2.077733333333333,0.10878898622978438,0.21322641301037737,1.9743257575757576,0.10394001515613244,0.2037224297060196,149.8,5.263057107322942,10.315591930352968,0.06806666666666666,0.003172414626020214,0.006217932666999619,2.0375834478399417,0.1092211716789925,0.2140734964908253,148.34989674463043,5.245368178513124,10.280921629885723,2.047501532988892,0.11157223815511244,0.2186815867840204,nan,nan,nan
sarsa_lambda,23000,30,1.9965333333333333,0.10771740095004588,0.2111261058620899,1.975291304347826,0.10396939004451144,0.20378000448724243,146.0,5.206097221130438,10.203950553415659,0.06946666666666665,0.003408486141643791,0.00668063283762183,1.9601964416424094,0.14083536777120428,0.2760373208315604,145.39385221257896,6.184792487305823,12.122193275119413,1.9856269693348318,0.11057425454650628,0.21672553891115232,nan,nan,nan
sarsa_lambda,24000,30,2.0392333333333332,0.10966146111392026,0.2149364637832837,1.977955555555556,0.10396289465368036,0.20376727352121352,148.13333333333333,5.305978699701481,10.399718251414903,0.07156666666666668,0.003588834323393361,0.0070341152738509875,1.9193480605156263,0.14245953080524193,0.2792206803782742,142.70662750176862,6.866335949514787,13.458018461048983,2.051488740508289,0.11473330193264213,0.22487727178797856,nan,nan,nan
sarsa_lambda,25000,30,2.0460666666666665,0.1094407826370707,0.21450393396865858,1.9806799999999998,0.10398878761840061,0.2038180237320652,148.46666666666667,5.295353272778399,10.378892414645662,0.07173333333333334,0.003678122126232207,0.007209119367415125,1.8987260808520616,0.13909523752412925,0.2726266655472933,141.88009275994582,6.572061368629374,12.881240282513572,1.9649956169981786,0.11276228203010348,0.2210140727790028,nan,nan,nan
sarsa_lambda,26000,30,2.0271333333333335,0.10985425803155213,0.21531434574184216,1.9824666666666668,0.10398122513390905,0.20380320126246174,147.66666666666666,5.327726938338892,10.442344799144228,0.07386666666666668,0.0034447138690821247,0.006751639183400964,1.8740497864080947,0.15397371471872126,0.30178848084869364,140.51380030626487,7.2926532018357175,14.293600275598006,2.0391044408853225,0.1174684489235562,0.23023815989017016,nan,nan,nan
sarsa_lambda,27000,30,2.043233333333333,0.10787737486453235,0.2114396547344834,1.984717283950617,0.1040314925484268,0.20390172539491652,148.13333333333333,5.228729946960117,10.248310696041829,0.06756666666666668,0.0029756418541962413,0.0058322580342246326,2.0294008365899874,0.10988479977669832,0.2153742075623287,147.7755860694792,5.312068411935401,10.411654087393387,2.0373382622036647,0.1096940751240288,0.21500038724309645,nan,nan,nan
sarsa_lambda,28000,30,2.0197,0.10868257217352224,0.21301784146010358,1.9859666666666664,0.10407787258796401,0.20399263027240946,147.2,5.253438939366781,10.29674032115889,0.0715,0.003965294846337508,0.007771977898821516,1.971288106479147,0.11811251227015608,0.2315005240495059,144.93782318197074,5.721765158987402,11.214659711615308,2.0128840721723744,0.10855899153231995,0.2127756234033471,nan,nan,nan
sarsa_lambda,29000,30,2.0067000000000004,0.10884230024140008,0.21333090847314415,1.9866816091954023,0.10404425286387532,0.20392673561319563,146.66666666666666,5.2626057383285065,10.314707247123872,0.0733,0.003990261132813989,0.007820911820315418,2.0377583289942565,0.10865385091120656,0.21296154778596485,148.14457240258446,5.253577944320379,10.297012770867942,2.0688979781058743,0.11214253942866768,0.21979937728018867,nan,nan,nan
sarsa_lambda,30000,30,2.0402,0.10936047532458144,0.21434653163617962,1.9884655555555555,0.1040436040146433,0.20392546386870086,148.06666666666666,5.2901846508271095,10.368761915621134,0.06920000000000001,0.003616501135043388,0.007088342224685041,1.8168337651962043,0.1566635099428964,0.30706047948807697,137.91094211858413,7.449798378101115,14.601604821078185,2.0187143171552355,0.11251199754443285,0.22052351518708838,nan,nan,nan
replay_q_p10,1000,30,0.9828000000000002,0.16162848986373715,0.31679184013292483,0.9828000000000002,0.16162848986373715,0.31679184013292483,99.43333333333334,7.846323296425571,15.37879366099412,0.10529999999999998,0.004191713226130211,0.008215757923215213,1.3299598306708078,0.2187625485423506,0.4287745951430072,116.58583760746302,9.820455535618551,19.24809284981236,1.9226195153918033,0.19656197575742698,0.3852614724845569,nan,nan,nan
replay_q_p10,2000,30,1.8088000000000002,0.1449978866274843,0.2841958577898692,1.3958000000000002,0.14337872764196882,0.2810223061782589,137.4,7.06010321958995,13.8378023103963,0.0766,0.00437983886755519,0.008584484180408171,1.6905006034180508,0.15202825099581138,0.2979753719517903,132.2008243185449,7.326634846861429,14.360204299848402,2.1132125520654292,0.15944995500829393,0.3125219118162561,nan,nan,nan
replay_q_p10,3000,30,1.8754333333333335,0.1460019184516795,0.2861637601652918,1.555677777777778,0.13997638414514152,0.27435371292447736,140.6,7.102792068786314,13.921472454821176,0.07716666666666666,0.004348624655965082,0.008523304325691561,1.7565974463571654,0.17249639020316423,0.3380929247982019,135.52307090328034,8.019450400931667,15.718122785826068,2.16888456441937,0.162150885799965,0.3178157361679314,nan,nan,nan
replay_q_p10,4000,30,1.9145999999999999,0.14653458734154312,0.2872077911894245,1.6454083333333331,0.13888005113740132,0.2722049002293066,142.26666666666668,7.131270514928468,13.977290209259797,0.073,0.004402715985159276,0.00862932333091218,1.5374672326868049,0.20329543697265065,0.3984590564663953,125.58283614642443,9.513754959203798,18.646959720039444,2.1272186915885705,0.15968456853450605,0.31298175432763187,nan,nan,nan
replay_q_p10,5000,30,1.9079666666666666,0.1472938300658888,0.28869590692914204,1.6979199999999999,0.1392338192501682,0.27289828573032965,141.83333333333334,7.153020957068456,14.019921075854175,0.07053333333333334,0.0035910915746215667,0.0070385394862582705,1.8478394927642152,0.15390823451871094,0.30166013965667343,139.59499035980252,7.362735683182369,14.430961939037443,2.107028293133352,0.1583752651654845,0.3104155197243496,nan,nan,nan
replay_q_p10,6000,30,1.9088,0.14609000060189636,0.28633640117971687,1.7330666666666668,0.13945277301073344,0.2733274351010375,141.93333333333334,7.104949437779972,13.925700898048744,0.0718,0.0037626109790025257,0.007374717518844951,1.8070822085610667,0.16575254168348813,0.32487498169963674,137.18571783518965,7.941659707785091,15.565653027258778,2.1605422887111976,0.15991770728296623,0.3134387062746138,nan,nan,nan
replay_q_p10,7000,30,1.9217666666666666,0.14705970859729153,0.2882370288506914,1.7600238095238097,0.14023464704529354,0.2748599082087753,142.36666666666667,7.138447516805846,13.99135713293946,0.06793333333333335,0.0038010686136090714,0.00745009448267378,1.9367908999139871,0.14850109365985992,0.29106214357332544,143.01229494705834,7.204024978327949,14.119888957522779,2.132670001814683,0.1595765180817426,0.3127699754402155,nan,nan,nan
replay_q_p10,8000,30,1.9075666666666669,0.14628322931927853,0.2867151294657859,1.7784666666666666,0.140749642709645,0.2758692997109042,141.83333333333334,7.1056207852160975,13.927016739023552,0.07093333333333333,0.004083590186620168,0.008003836765775528,1.9233453618900571,0.14858987065029228,0.29123614647457285,142.78861275147116,7.185476266311073,14.083533481969702,2.167683765345947,0.15908761726347834,0.31181172983641753,nan,nan,nan
replay_q_p10,9000,30,1.934666666666667,0.14731286069859298,0.2887332069692422,1.7958222222222224,0.14121457159944092,0.2767805603349042,143.1,7.161896300609891,14.037316749195387,0.07043333333333333,0.003946971291443469,0.007736063731229198,1.8571687015088814,0.1578276298408272,0.3093421544880213,139.78951818787,7.479983988511677,14.660768617482887,2.1486934473129007,0.15803806409389545,0.30975460562403506,nan,nan,nan
replay_q_p10,10000,30,1.912933333333333,0.14655154782049343,0.2872410337281671,1.8075333333333334,0.14152748844190774,0.2773938773461392,141.86666666666667,7.108798714064714,13.933245479566839,0.06626666666666667,0.003765827390985588,0.0073810216863317525,1.8918078177494666,0.16473174958191777,0.32287422918055886,141.02794319105794,7.89990454844647,15.483812914955081,2.155391897585166,0.15894182207546853,0.3115259712679183,nan,nan,nan
replay_q_p10,11000,30,1.8960000000000004,0.14586488000334696,0.28589516480656,1.8155757575757576,0.14174891888544688,0.2778278810154759,141.2,7.087207189515939,13.89092609145124,0.0692,0.0036117305687370176,0.0070789919147245545,1.9140010256575943,0.14790422039123854,0.28989227196682754,142.10726942403673,7.187953300148135,14.088388468290345,2.1284343541246886,0.15928227145033785,0.3121932520426622,nan,nan,nan
replay_q_p10,12000,30,1.9138333333333335,0.14573398126387394,0.2856386032771929,1.8237638888888887,0.1419572102373366,0.2782361320651797,142.03333333333333,7.082840415574137,13.882367214525308,0.06886666666666667,0.003723097626801816,0.00729727134853156,1.9261195754191565,0.14887726299553025,0.29179943547123927,142.56697210012928,7.23006360363673,14.170924663127991,2.154494243531608,0.16002071966639647,0.31364061054613707,nan,nan,nan
replay_q_p10,13000,30,1.926566666666667,0.14753404191882027,0.28916672216088773,1.8316717948717949,0.14220749453354287,0.278726689285744,142.66666666666666,7.16959309403955,14.052402464317518,0.06943333333333333,0.003614047730200665,0.007083533551193303,1.8440482480469953,0.17891714405644996,0.3506776023506419,138.78338271788192,8.522492259235541,16.70408482810166,2.186386501834357,0.16170566569523057,0.3169431047626519,nan,nan,nan
replay_q_p10,14000,30,1.9202666666666668,0.14669161438814685,0.2875155642007678,1.8380000000000003,0.14243158717633128,0.2791659108656093,142.43333333333334,7.122682455647217,13.960457613068545,0.07083333333333333,0.0036151289172203253,0.007085652677751838,1.889435649694186,0.15053743974740302,0.29505338190490993,140.72272990909326,7.320074104965065,14.347345245731526,2.128158116385016,0.15743302616648008,0.30856873128630097,nan,nan,nan
replay_q_p10,15000,30,1.9749333333333332,0.14967743810917933,0.2933677786939915,1.847128888888889,0.14277333055435093,0.27983572788652783,145.03333333333333,7.2771857850539705,14.263284138705782,0.07076666666666667,0.003949882388277663,0.007741769481024219,1.7673771898105366,0.18049989166250363,0.3537797876585071,135.27919436486292,8.578099343799503,16.813074713847026,2.201804792631134,0.16155279519819513,0.3166434785884624,nan,nan,nan
replay_q_p10,16000,30,1.9870333333333332,0.12382171539380776,0.24269056217186322,1.8558729166666668,0.14125785527323734,0.2768653963355452,145.46666666666667,5.984219349760973,11.729069925531507,0.06776666666666668,0.0029764143101379337,0.00583377204787035,1.9659476072819777,0.12141548257867242,0.23797434585419794,144.52243544692502,5.908515383512268,11.580690151684044,2.2400326951623053,0.1267231544093776,0.24837738264238007,nan,nan,nan
replay_q_p10,17000,30,2.0693333333333332,0.11005926651397359,0.21571616236738822,1.8684294117647058,0.13825979925072857,0.270989206531428,149.43333333333334,5.337286609550814,10.461081754719595,0.06876666666666666,0.0029206688469270116,0.005724510939976942,2.0189852944773445,0.10985096683881149,0.21530789500407052,147.16984849670408,5.336226319368519,10.459003585962297,2.3024852480124998,0.11937310553311124,0.23397128684489804,nan,nan,nan
replay_q_p10,18000,30,2.0467666666666666,0.10712363341134877,0.20996232148624358,1.8783370370370371,0.13467740076602275,0.2639677055014046,148.46666666666667,5.201620731805414,10.19517663433861,0.07103333333333334,0.0029425469198432375,0.005767391962892746,1.9760343619101728,0.1283191603085929,0.25150555420484205,145.09211414289067,6.128404971518243,12.011673744175758,2.2685336144829007,0.1165610873955031,0.22845973129518607,nan,nan,nan
replay_q_p10,19000,30,2.0184666666666664,0.10619015402691782,0.20813270189275893,1.8857122807017543,0.13155204668107512,0.2578420114949072,147.1,5.145101453374582,10.08439884861418,0.07063333333333334,0.0027553431199783926,0.005400472515157649,2.0241309455901995,0.1103874900585832,0.21635948051482307,147.32870988392776,5.3668920876733095,10.519108491839686,2.244854796677208,0.11553803540860846,0.2264545494008726,nan,nan,nan
replay_q_p10,20000,30,2.055166666666667,0.10787275479032524,0.21143059938903747,1.894185,0.12890608942818282,0.25265593527923835,148.96666666666667,5.2370219082445075,10.264562940159234,0.07313333333333334,0.0030714605209575404,0.006020062621076779,1.9117685641962996,0.15004959029820333,0.2940971969844785,142.15240772162463,7.082385900015868,13.881476364031101,2.3002536351691716,0.11850597045358705,0.2322717020890306,nan,nan,nan
replay_q_p10,21000,30,2.046766666666667,0.10860763169701863,0.21287095812615653,1.901450793650794,0.12661211023772245,0.248159736065936,148.33333333333334,5.265662642548808,10.320698779395663,0.06823333333333333,0.0028091326158869476,0.005505899927138417,1.8214421905709628,0.17056037038032268,0.33429832594543246,138.96430500769682,7.406592009751298,14.516920339112545,2.3224270593775387,0.12141472714214756,0.23797286519860922,nan,nan,nan
replay_q_p10,22000,30,2.0119333333333334,0.10702047213472148,0.20976012538405409,1.9064727272727273,0.1246169930764957,0.24424930642993156,146.7,5.181121788619309,10.154998705693846,0.06876666666666668,0.003305753720838146,0.006479277292842766,2.030716302208488,0.10837511256731033,0.21241522063192825,147.69256414403475,5.266237875820616,10.321826236608407,2.3023462280052542,0.1216859486332061,0.23850445932108397,nan,nan,nan
replay_q_p10,23000,30,2.045033333333333,0.1074995053004745,0.21069903038893,1.9124971014492758,0.12310675445547936,0.24128923873273955,148.16666666666666,5.205011584412635,10.201822705448764,0.06646666666666666,0.002719336182238351,0.005329898917187168,2.013235368226873,0.1118967912463436,0.21931771084283344,147.0327449397355,5.399965652760162,10.583932679409918,2.3162091479467812,0.12010484595764165,0.23540549807697764,nan,nan,nan
replay_q_p10,24000,30,2.0304,0.10743492657546642,0.2105724560879142,1.9174097222222222,0.12164329318541517,0.23842085464341373,147.56666666666666,5.214851323815657,10.221108594678688,0.0685,0.0031983293052510377,0.006268725438292034,1.9442715678742026,0.1196072640410464,0.23443023752045092,143.46679884881272,5.804513286478372,11.376846041497608,2.274420949152248,0.11567754702493577,0.2267279921688741,nan,nan,nan
replay_q_p10,25000,30,2.022566666666667,0.10621567392326417,0.20818272088959777,1.9216160000000002,0.12031530401082977,0.23581799586122634,147.36666666666667,5.158517860142578,10.110695005879453,0.07213333333333334,0.002891419463414114,0.0056671821482916634,1.9118339398130835,0.12388055502155296,0.2428058878422438,141.88029611429192,6.018704640981041,11.79666109632284,2.236329080540091,0.11809168759382697,0.23145970768390087,nan,nan,nan
replay_q_p10,26000,30,2.0207666666666664,0.10683045632434333,0.20938769439571292,1.9254294871794868,0.11907939576758282,0.23339561570446232,147.3,5.184448451583489,10.161518965103639,0.07253333333333334,0.002996063828998466,0.005872285104836993,2.0179725153996184,0.11158763475499926,0.21871176411979856,146.91835086307756,5.424551700561814,10.632121333101155,2.2653249095631676,0.1151149716816419,0.22562534449601812,nan,nan,nan
replay_q_p10,27000,30,2.0592999999999995,0.10709978320808307,0.2099155750878428,1.930387654320988,0.11811420071078026,0.2315038333931293,149.0,5.191283587645383,10.17491583178495,0.06970000000000001,0.0036593919474808044,0.007172408217062377,1.97934368737168,0.11269221388366661,0.22087673921198656,145.13687749609434,5.476187570508089,10.733327638195854,2.298921178862704,0.1193836197209534,0.23399189465306866,nan,nan,nan
replay_q_p10,28000,30,2.037,0.10706689282980937,0.20985110994642636,1.934195238095238,0.11728718831804716,0.22988288910337243,148.03333333333333,5.189397531823421,10.171219162373905,0.07170000000000001,0.0037327842371237506,0.007316257104762551,1.9559023099282216,0.13137699754252746,0.2574989151833538,144.26286523662137,6.266663190400727,12.282659853185423,2.2810011466409716,0.11853728150870779,0.23233307175706727,nan,nan,nan
replay_q_p10,29000,30,2.0663,0.10837547703695939,0.2124159349924404,1.938750574712644,0.11650313101525411,0.22834613678989807,149.36666666666667,5.2615463251596255,10.312630797312865,0.0704,0.002986790843067168,0.00585411005241165,2.007472009008659,0.11121355720008133,0.2179785721121594,146.5532201119085,5.401216346748313,10.586384039626694,2.269480046607806,0.11886669099837166,0.23297871435680845,nan,nan,nan
replay_q_p10,30000,30,2.0269,0.10671445786415906,0.20916033741375176,1.9416888888888892,0.11570046528100462,0.22677291195076907,147.46666666666667,5.169480138680732,10.132181071814234,0.0699,0.0032647014966255277,0.006398814933386034,2.009002542619939,0.1115756409454671,0.2186882562531155,146.47590597937207,5.415427977253792,10.614238835417432,2.2512273252903143,0.11604229802801326,0.22744290413490598,nan,nan,nan
dyna_latest_p10,1000,30,0.9299999999999999,0.14922717388360388,0.2924852608118636,0.9299999999999999,0.14922717388360388,0.2924852608118636,97.13333333333334,7.235724484269737,14.182019989168683,0.1098,0.004392365372236057,0.008609036129582671,1.5906774886018733,0.16146115946705922,0.31646387255543607,126.89334537369399,7.7526522263447015,15.195198363635615,1.927742989055194,0.16767139790657107,0.3286359398968793,0.26948398388344974,0.004013880766003801,0.00786720630136745
dyna_latest_p10,2000,30,1.8339,0.10571666046016859,0.20720465450193043,1.3819499999999998,0.1119704275151749,0.2194620379297428,138.63333333333333,5.13372516790847,10.062101329100601,0.0774,0.003820573466012059,0.007488323993383636,1.6580149167667613,0.15961721856928932,0.31284974839580704,130.57021459350983,7.512699372349664,14.72489076980534,2.1988765615558785,0.12072611084836173,0.23662317726278898,0.2697467472279659,0.0037325496590611606,0.0073157973317598745
dyna_latest_p10,3000,30,1.8505333333333336,0.1005307951141516,0.19704035842373713,1.5381444444444443,0.10205890003425787,0.2000354440671454,139.53333333333333,4.896570071737251,9.597277340605013,0.07966666666666668,0.0039770413924861145,0.0077950011292727845,1.8487876778268888,0.133058206086942,0.2607940839304063,139.33272692921796,6.308464941117147,12.364591284589608,2.2037446507416303,0.11496003947035437,0.22532167736189457,0.27057293102242047,0.0033584602503164184,0.00658258209062018
dyna_latest_p10,4000,30,1.845433333333333,0.10363961302018249,0.20313364151955768,1.6149666666666669,0.0994278920062789,0.19487866833230663,139.03333333333333,5.017551569718968,9.834401076649177,0.07426666666666666,0.0036846788513448347,0.007221970548635876,1.8395253678847616,0.10997130527985109,0.21554375834850814,138.63690398049258,5.354060448310824,10.493958478689214,2.094057866588627,0.11912278587511907,0.23348066031523337,0.26867620042160417,0.003697071634540287,0.007246260403698963
dyna_latest_p10,5000,30,1.8144,0.1038846685888543,0.20361395043415442,1.654853333333333,0.09867468525975195,0.19340238310911384,137.6,5.04727080002011,9.892650768039415,0.07520000000000002,0.004202735835827316,0.00823736223822154,1.7114000126959104,0.1311963835955787,0.25714491184733423,132.99500835245328,6.136346301508934,12.02723875095751,2.102436505486222,0.11903197439749912,0.23330266981909825,0.26419669998364326,0.0033982334314411715,0.006660537525624696
dyna_latest_p10,6000,30,1.770533333333333,0.10233573025011233,0.20057803129022017,1.6741333333333337,0.09786731393398869,0.19181993531061783,135.8,4.971042583585067,9.743243463826731,0.08126666666666667,0.00464360475644726,0.009101465322636629,1.7655510624524975,0.11062739232178835,0.21682968895070517,135.37422303179616,5.39749893885881,10.579097920163267,1.980772518716652,0.11467889414721891,0.22477063252854906,0.2618826284319637,0.0034834029895589483,0.006827469859535538
dyna_latest_p10,7000,30,1.836433333333333,0.10204203194529646,0.20000238261278105,1.6973190476190478,0.0976224603552603,0.1913400222963102,138.66666666666666,4.937851301824225,9.67818855157548,0.07556666666666666,0.004155783487919869,0.008145335636322944,1.7384098999654627,0.13278344546863097,0.26025555311851667,134.04382482883364,6.311420212828111,12.370383617143096,2.064276942541818,0.11252167594189103,0.22054248484610642,0.26557152494438313,0.0038820833559409427,0.007608883377644248
dyna_latest_p10,8000,30,1.8689,0.10257389094427626,0.20104482625078146,1.718766666666667,0.09750935829191944,0.1911183422521621,140.2,4.985588426055944,9.77175331506965,0.0753,0.004215774972729173,0.008262918946549179,1.8366126220291197,0.11047677085472807,0.216534470875267,138.38902762701412,5.388872636321615,10.562190367190365,2.1226968744096544,0.11603108981414893,0.2274209360357319,0.2635758848981578,0.002975644486395402,0.0058322631933349885
dyna_latest_p10,9000,30,1.8870666666666667,0.1050365336916717,0.2058716060356765,1.7374666666666665,0.09746469517590937,0.19103080254478236,141.1,5.082390151805783,9.961484697539335,0.07603333333333334,0.004113471932686082,0.008062404988064719,1.7352936174769626,0.1399254815998287,0.27425394393566427,133.60833556125814,6.824205238543551,13.37544226754536,2.094708588728135,0.11331740561107867,0.22210211499771418,0.26404794525515635,0.0027431912898130922,0.005376654928033661
dyna_latest_p10,10000,30,1.9089999999999996,0.10352870666365091,0.20291626506075577,1.75462,0.09761502786132788,0.19132545460820263,142.0,5.027967757465728,9.854816804632826,0.073,0.004161398969013947,0.008156341979267337,1.757450672801973,0.16186687861663088,0.3172590820885965,136.05513695877605,6.8517006675924375,13.429333308481176,2.1337474765732436,0.11621729511197888,0.2277858984194786,0.2635352841156625,0.002756887645518619,0.005403499785216493
dyna_latest_p10,11000,30,1.872266666666667,0.10302538391969605,0.20192975248260425,1.765315151515151,0.09755595810205983,0.19120967788003726,140.4,5.007947706384827,9.81557750451426,0.07613333333333333,0.0039057085640089918,0.007655188785457624,1.8763452645086882,0.10358321168445107,0.2030230949015241,140.53601701010746,5.046319768107391,9.890786745490486,2.120078114918781,0.1141565818712179,0.22374690046758708,0.2619142920596773,0.0030084641110047433,0.005896589657569297
dyna_latest_p10,12000,30,1.8446333333333336,0.10089146875446381,0.19774727875874906,1.7719250000000002,0.09749509921124613,0.1910903944540424,139.13333333333333,4.910868390874512,9.625302046114044,0.07716666666666666,0.004160040708613079,0.008153679788881634,1.7890396185429687,0.145048353408058,0.28429477267979364,136.37063300866467,6.844299028754897,13.414826096359597,2.105958328093989,0.11205921219552308,0.2196360559032252,0.2619238022578397,0.0034793358073412976,0.006819498182388944
dyna_latest_p10,13000,30,1.8268,0.10080410500672529,0.19757604581318156,1.7761461538461538,0.09731422206487576,0.1907358752471565,138.4,4.915516132673629,9.634411620040312,0.07960000000000002,0.004149948067809673,0.00813389821290696,1.6932953801580608,0.15382966196351666,0.30150613744849264,131.75854896367517,7.323412151535365,14.353887817009316,2.0339623639858346,0.11340128886797117,0.2222665261812235,0.2631452093094975,0.0030129975706699188,0.00590547523851304
dyna_latest_p10,14000,30,1.8113333333333335,0.10098496910270523,0.19793053944130223,1.7786595238095235,0.09726440916737987,0.19063824196806453,137.73333333333332,4.905997580567727,9.615755257912745,0.08106666666666666,0.0044515097098982055,0.008724959031400482,1.8489724192979735,0.1169000189262618,0.22912403709547313,139.170975301025,5.697721022576123,11.167533204249201,2.0598521706339175,0.11487800400761805,0.22516088785493138,0.2645168658995038,0.0032905273770823147,0.0064494336590813365
dyna_latest_p10,15000,30,1.8783,0.10323396204515367,0.2023385656085012,1.7853022222222223,0.09742863941166115,0.19096013324685585,140.66666666666666,5.017975351509062,9.83523168895776,0.0757,0.00441266463663423,0.008648822687803091,1.7215917506149412,0.15180148362103066,0.2975309078972201,133.14106397290143,7.217549035347235,14.14639610928058,2.0569603723665018,0.11366041558888461,0.22277441455421382,0.2622516007335528,0.003493152823740578,0.006846579534531533
dyna_latest_p10,16000,30,1.8443000000000003,0.10352676537700425,0.20291246013892833,1.7889895833333331,0.09741582550744605,0.19093501799459425,139.1,5.033302884889253,9.865273654382936,0.07680000000000001,0.004120149534168395,0.008075493086970054,1.7297862484805413,0.15900392987105974,0.3116477025472771,134.988217834561,6.7167874804475405,13.164903461677179,2.0757634706422268,0.11292789363447926,0.22133867152357936,0.258992966426607,0.0029983057417618604,0.005876679253853247
dyna_latest_p10,17000,30,1.9054666666666664,0.10361302600102036,0.2030815309619999,1.7958411764705886,0.0975389306649764,0.19117630410335373,141.9,5.0301047725657275,9.859005354228826,0.07443333333333334,0.00401825813847654,0.007875785951414018,1.7102587652318693,0.15524747751789084,0.30428505593506605,132.59964415715064,7.46405581555368,14.629549398485212,2.135649891325551,0.11593608488625201,0.22723472637705394,0.2578564181233919,0.003651021490521977,0.0071560021214230754
dyna_latest_p10,18000,30,1.8544000000000005,0.10455302345051376,0.20492392596300696,1.7990944444444446,0.09761269796911956,0.19132088801947433,139.5,5.06458290484024,9.926582493486869,0.0751,0.004024736730163407,0.007888483991120278,1.7723346004603733,0.12991052924546137,0.2546246373211043,135.4162044385697,6.3179664822522295,12.38321430521437,2.0897634210068547,0.11069427617802714,0.2169607813089332,0.258523355024995,0.0030394627021152476,0.0059573468961458854
dyna_latest_p10,19000,30,1.8510666666666669,0.10112304935627243,0.19820117673829396,1.8018298245614033,0.09764251790479456,0.19137933509339733,139.4,4.919723382561212,9.642657829819976,0.07633333333333334,0.00402758686296116,0.007894070251403873,1.8277772341792373,0.13209774683073727,0.258911583788245,138.34126526807688,6.260941408431823,12.271445160526374,2.1314855927849052,0.11413091996299073,0.2236966031274618,0.25736868931759066,0.002865658941062464,0.00561669152448243
dyna_latest_p10,20000,30,1.8700999999999999,0.10201111444967341,0.19994178432135987,1.8052433333333335,0.09771794011493751,0.1915271626252775,140.36666666666667,4.9662037892769115,9.733759426982747,0.07760000000000003,0.004359320837116665,0.008544268840748662,1.5527423650494365,0.19272473940606272,0.37774048923588294,125.35111988971985,9.008399201014354,17.656462433988136,2.0885422556761983,0.11163117903192106,0.21879711090256526,0.2588781447595103,0.0028469622668691554,0.005580046043063545
dyna_latest_p10,21000,30,1.8916333333333335,0.10238666269254999,0.20067785887739797,1.8093571428571429,0.09781204579606907,0.1917116097602954,141.3,4.981148369649289,9.763050804512606,0.07566666666666667,0.004290415228768545,0.008409213848386348,1.5817055097638375,0.18568795223102588,0.36394838637281074,126.62885764737383,8.669633386290572,16.99248143712952,2.1340085420208026,0.11277519529974335,0.22103938278749696,0.25956866930897876,0.002960323378596345,0.0058022338220488365
dyna_latest_p10,22000,30,1.8662999999999998,0.10311930541574302,0.20211383861485632,1.8119454545454543,0.097827491355834,0.19174188305743464,140.03333333333333,5.0024093811740595,9.804722387101156,0.07440000000000001,0.0040614815257376275,0.00796050379044575,1.8353236640690456,0.11094670818957648,0.2174555480515699,138.49126599288567,5.373318209295559,10.531703690219295,2.1000803403409005,0.11155759886594872,0.2186528937772595,0.26202431022279843,0.002797413822632275,0.005482931092359259
dyna_latest_p10,23000,30,1.8242666666666665,0.10120024457438681,0.19835247936579814,1.8124811594202899,0.09781895146242357,0.1917251448663502,138.26666666666668,4.931002866763581,9.664765618856618,0.07933333333333333,0.003972414458280063,0.007785932338228923,1.801494229697279,0.13146337283403237,0.2576682107547034,137.1856414386966,6.274267898386026,12.29756508083661,2.0811155061220616,0.11202388234814743,0.21956680940236897,0.2614415531617444,0.003863918106829095,0.007573279489385026
dyna_latest_p10,24000,30,1.8585333333333334,0.10039349859122838,0.19677125723880762,1.8144,0.09784042017124008,0.19176722353563055,139.83333333333334,4.880899515112798,9.566563049621085,0.0779666666666667,0.0038582597867919,0.0075621891821121235,1.754106711833065,0.14326707527624666,0.2808034675414434,135.34996896720062,6.72869035411781,13.188233094070908,2.109197995309079,0.1100799173558616,0.21575663801748873,0.2681112653755911,0.0029977894536911904,0.005875667329234733
dyna_latest_p10,25000,30,1.8174333333333335,0.10142714596545305,0.19879720609228796,1.8145213333333332,0.09782397506914908,0.1917349911355322,137.9,4.930167514815082,9.66312832903756,0.07846666666666667,0.004286233867427619,0.008401018380158132,1.6532321298755082,0.16416728377022832,0.32176787618964753,131.3547356454434,7.144759615856212,14.003728847078175,1.9981626770252021,0.10936968685908266,0.214364586243802,0.26356898948214064,0.0032486428634245215,0.006367340012312062
dyna_latest_p10,26000,30,1.916,0.10395131486455073,0.2037445771345194,1.818424358974359,0.09794371131358137,0.1919696741746195,142.5,5.060723223041336,9.919017517161018,0.0765,0.004120805077015731,0.008076777950950834,1.8910289500349884,0.10903144908262116,0.21370164020193747,141.55046870622942,5.161218425423673,10.115988113830399,2.138343457849234,0.11542929611990979,0.22624142039502318,0.262108740477725,0.003683940084123406,0.007220522564881876
dyna_latest_p10,27000,30,1.8670666666666667,0.10294207648532795,0.20176646991124278,1.820225925925926,0.09801504880470628,0.1921094956572243,139.93333333333334,4.99239268030165,9.785089653391234,0.07153333333333332,0.0037624073161023563,0.007374318339560618,1.7413664013109227,0.1255033071548739,0.24598648202355283,134.62300522304938,6.069849758981322,11.89690552760339,2.068021456210468,0.11111204573230733,0.21777960963532236,0.2602607003317292,0.003582400369559851,0.007021504724337308
dyna_latest_p10,28000,30,1.8327666666666667,0.1013828261243007,0.19871033920362938,1.8206738095238095,0.09800396906223183,0.19208777936197438,138.6,4.952324428122547,9.706555879120192,0.07783333333333334,0.004822381567718832,0.00945186787272891,1.8693439239332184,0.10661883938206419,0.2089729251888458,140.2324726629831,5.184135070594268,10.160904738364765,2.0670105587237573,0.11427898144050282,0.22398680362338552,0.2578627781902314,0.003275874728403294,0.006420714467670456
dyna_latest_p10,29000,30,1.8918666666666668,0.10411736010065516,0.20407002579728412,1.823128735632184,0.09807629849354232,0.19222954504734296,141.33333333333334,5.036495162799644,9.871530519087303,0.07613333333333334,0.004324145874955275,0.008475325914912337,1.6290760897338072,0.17038078166377424,0.3339463320609975,129.01680922159775,7.971041354685057,15.623241055182712,2.0870269836193702,0.11159021978038754,0.21871683076955956,0.25712429709170265,0.003146140079568342,0.00616643455595395
dyna_latest_p10,30000,30,1.8314999999999997,0.10090155381964339,0.19776704548650104,1.8234077777777775,0.09807615445797829,0.19222926273763746,138.7,4.911433997117947,9.626410634351176,0.0812,0.0038519736693577345,0.00754986839194116,1.7626242232974338,0.1601963621354737,0.3139848697855284,136.77724380540903,6.721365227165061,13.173875845243519,2.0959106936582512,0.11648263744253946,0.22830596938737735,0.25843188677818196,0.0031327772737601077,0.006140243456569811
dyna_empirical_p5,1000,30,1.1956999999999998,0.055542365522329815,0.10886303642376643,1.1956999999999998,0.055542365522329815,0.10886303642376643,110.46666666666667,2.6698544165111295,5.232914656361814,0.12410000000000003,0.0027602890070242375,0.0054101664537675054,2.044695484086819,0.03548942155157986,0.06955926624109653,149.09204318952678,1.5730898844872208,3.0832561735949526,2.274369867335844,0.03771776070111723,0.07392681097418977,0.18649712003221575,0.0023421203699814748,0.00459055592516369
dyna_empirical_p5,2000,30,2.0959333333333334,0.030804273973251778,0.060376376987573484,1.6458166666666663,0.03475124642876123,0.068112443000372,151.16666666666666,1.4167173756982596,2.7767660563685888,0.07856666666666669,0.002379357265348897,0.004663540240083838,2.062148976799014,0.041730613708531004,0.08179200286872076,149.38180017352096,1.9986952002442118,3.917442592478655,2.398830818647556,0.04608525215017094,0.09032709421433503,0.1642006170076828,0.002366336123895841,0.004638018802835849
dyna_empirical_p5,3000,30,2.091266666666667,0.022167644088726356,0.04344858241390366,1.7942999999999998,0.02677144811599348,0.052472038307347216,150.8,1.014152723768189,1.9877393385856506,0.07553333333333333,0.0021515743144617013,0.004217085656344935,1.987211332932812,0.11682909309488872,0.22898502246598187,145.9852524649548,5.359088274975677,10.503813018952327,2.3748783441656616,0.02837989616344669,0.05562459648035551,0.15524035326316407,0.002291557677028601,0.004491453046976058
dyna_empirical_p5,4000,30,2.0821666666666663,0.02723980705002525,0.053390021818049485,1.866266666666667,0.02269540605362013,0.04448299586509546,150.46666666666667,1.2324476471903925,2.415597388493169,0.07763333333333336,0.0029138919478122216,0.005711228217711954,2.1179583998282916,0.029531201001835906,0.05788115396359837,152.08690501209338,1.3793115448019206,2.7034506278117645,2.3282148835937897,0.04698059645038314,0.09208196904275096,0.15049496510379748,0.0023626611436711156,0.004630815841595386
dyna_empirical_p5,5000,30,2.1027333333333336,0.029079436718181858,0.05699569596763644,1.9135600000000001,0.019036314721103963,0.03731117685336377,151.43333333333334,1.3447927100301336,2.635793711659062,0.07736666666666665,0.0017872365706271156,0.0035029836784291465,2.1046982676439203,0.03996356557786681,0.07832858853261894,151.3069038574991,1.9080409379410095,3.7397602383643784,2.3518669327019626,0.04062465956680455,0.07962433275093692,0.1437678706168706,0.002137399453130913,0.004189302928136589
dyna_empirical_p5,6000,30,2.0700999999999996,0.02923579721985463,0.05730216255091507,1.9396499999999999,0.01642978471162961,0.03220237803479403,149.93333333333334,1.360301972335076,2.666191865776749,0.07850000000000001,0.0021702004780532434,0.004253592936984357,1.9228523483598743,0.13491725730927936,0.26443782432618756,144.12376899259314,5.2006274374290555,10.19322977736095,2.293452862910579,0.050193295256814964,0.09837885870335733,0.1392709696458165,0.0018944172059843438,0.0037130577237293135
dyna_empirical_p5,7000,30,2.086766666666666,0.02107614456516658,0.0413092433477265,1.9606666666666663,0.014314616630448822,0.02805664859567969,150.46666666666667,0.9776036069187432,1.9161030695607366,0.07303333333333333,0.0018964475763810836,0.003717037249706924,2.127118458093711,0.03874656158927339,0.07594326071497585,152.1625950338504,1.8763455398855085,3.6776372581755963,2.3462470117200716,0.03210542991743075,0.06292664263816426,0.1347740078839705,0.0018031569871790622,0.003534187694870962
dyna_empirical_p5,8000,30,2.0702666666666665,0.024475882257041042,0.04797272922380044,1.974366666666667,0.013127532505171319,0.025729963710135785,149.6,1.1260754757171005,2.207107932405517,0.07133333333333332,0.0021826554181385346,0.0042780046195515275,2.1146144112121483,0.0307637431128067,0.060296936501101135,151.94227513851223,1.4262915691487705,2.79553147553159,2.3139463170865446,0.036807905920052404,0.07214349560330272,0.12986776555552348,0.0015827191316880138,0.003102129498108507
dyna_empirical_p5,9000,30,2.1266333333333334,0.022926794209402822,0.04493651665042953,1.9912851851851852,0.011052737703276487,0.021663365898421914,152.43333333333334,1.0813819737632382,2.1195086685759468,0.07446666666666667,0.002150505598574883,0.0042149909732067704,2.035058633099068,0.09763373914429262,0.19136212872281352,148.0202329432168,4.547283705308388,8.91267606240444,2.286807350190864,0.032900188657750185,0.06448436976919036,0.12551701571037252,0.0014990602200986765,0.002938158031393406
dyna_empirical_p5,10000,30,2.1149,0.02446965514649738,0.047960524087134866,2.0036466666666666,0.010506511099262551,0.0205927617545546,151.86666666666667,1.1363718564662635,2.2272888386738763,0.0743,0.0016408226139880912,0.0032160123234166588,2.1197289261508137,0.03903905994830936,0.07651655749868636,151.89142035169732,1.8937667752496505,3.711782879489315,2.3541771450264926,0.035491475352835686,0.06956329169155795,0.12328233225448143,0.0016277531432184766,0.003190396160708214
dyna_empirical_p5,11000,30,2.1346666666666665,0.027431894069869404,0.05376651237694403,2.015557575757575,0.009770450497425559,0.019150082974954095,152.9,1.2841652774351575,2.5169639437729088,0.07623333333333333,0.0023870740678420483,0.004678665172970414,2.031697498911623,0.11006256219859782,0.21572262190925173,147.83711332653675,5.05336621471293,9.904597780837342,2.3635210276160747,0.04791973286914934,0.0939226764235327,0.12179826818684189,0.0016309834672630728,0.0031967275958356225
dyna_empirical_p5,12000,30,2.120033333333333,0.02496726515864154,0.048935839710937415,2.024263888888888,0.00956094676893184,0.018739455667106407,152.06666666666666,1.1385949531914106,2.231646108255165,0.07336666666666666,0.0016027873230922227,0.0031414631532607567,1.9371840144884591,0.15834039565126812,0.3103471754764855,144.79744905309724,6.537064209886316,12.81264585137718,2.3490881968847015,0.03994645929987162,0.07829506022774836,0.11836240889333328,0.0016100113113215006,0.0031556221701901413
dyna_empirical_p5,13000,30,2.0880333333333336,0.024962845187332782,0.04892717656717225,2.029169230769231,0.00851328953785527,0.01668604749419633,150.63333333333333,1.1411663053203362,2.236685958427859,0.07526666666666666,0.0024834779715650875,0.004867616824267572,2.0463709398761707,0.057880606792829685,0.11344598931394619,148.6061213739362,2.8226952123929436,5.532482616290169,2.305316087586633,0.04248097532952856,0.08326271164587598,0.11656734437037669,0.0018238512184148355,0.0035747483880930776
dyna_empirical_p5,14000,30,2.0936666666666666,0.03028327307859061,0.05935521523403759,2.0337761904761904,0.00777540838321966,0.015239800431110534,150.9,1.4071655704034034,2.7580445179906707,0.07523333333333332,0.0019644444877862724,0.003850311196061094,2.1100070612596746,0.02784981588897706,0.05458563914239503,151.68428175466306,1.3373652654814625,2.6212359203436666,2.342753710033036,0.042457551349169995,0.08321680064437319,0.11510910472642762,0.0016584098777896632,0.00325048336046774
dyna_empirical_p5,15000,30,2.1404333333333336,0.023145898240595122,0.045365960551566435,2.0408866666666667,0.007503900152374571,0.01470764429865416,153.13333333333333,1.0707536644633469,2.0986771823481596,0.07536666666666665,0.002168999628163449,0.0042512392712003595,2.145036943766279,0.017853860543874885,0.03499356666599478,153.34729525795066,0.7719688096711572,1.513058866955468,2.339594432194207,0.054315190326463,0.10645777303986748,0.11304085957948065,0.0016248089671445777,0.003184625575603372
dyna_empirical_p5,16000,30,2.085233333333333,0.027316479945782776,0.05354030069373424,2.0436583333333336,0.00785789268763715,0.015401469667768815,150.4,1.248078983648586,2.4462348079512286,0.07316666666666667,0.002737178400080954,0.0053648696641586694,2.1540025333418362,0.01500212146616452,0.02940415807368246,153.82841227173077,0.6207263134067759,1.2166235742772806,2.315324370087912,0.0454236682934111,0.08903038985508575,0.11170430064770513,0.0017594435719724313,0.0034485094010659654
dyna_empirical_p5,17000,30,2.1238,0.020743446548552237,0.04065715523516238,2.048372549019608,0.0076327401876657925,0.014960170767824953,152.33333333333334,0.9652982784007879,1.8919846256655442,0.0752,0.0024185109886661364,0.0047402815377856275,2.148227858434708,0.031103753750233457,0.060963357350457575,153.35656171398915,1.4863942102324947,2.9133326520556895,2.3660691951456587,0.03369695750849556,0.0660460367166513,0.10929406097146462,0.0016426836306098805,0.0032196599159953656
dyna_empirical_p5,18000,30,2.1205666666666665,0.028007334151673998,0.05489437493728103,2.0523833333333332,0.006953163032754814,0.013628199544199434,152.0,1.2918844829323477,2.5320935865474015,0.07143333333333332,0.002007848584604257,0.003935383225824343,2.022337102183808,0.10885561808258909,0.2133570114418746,148.35113838397712,4.183404626633493,8.199473068201646,2.319314065439829,0.034495951594274106,0.06761206512477724,0.10774220459142793,0.0016555625434712211,0.0032449025852035935
dyna_empirical_p5,19000,30,2.0982666666666665,0.023171074582720753,0.04541530618213267,2.0547982456140352,0.0064930097209955715,0.01272629905315132,151.06666666666666,1.08483097187898,2.1262687048828006,0.07413333333333334,0.001819898527759445,0.003567001114408512,2.0519827027034023,0.05277163331628878,0.10343240129992601,148.614613822368,2.598216047491288,5.092503453082925,2.3110737365573972,0.04070496437745686,0.07978173017981545,0.10605768331196466,0.0016395082045587634,0.003213436080935176
dyna_empirical_p5,20000,30,2.1225333333333336,0.022107144179083587,0.04333000259100383,2.058185,0.006156624387647395,0.012066983799788895,152.36666666666667,1.013113254988281,1.985701979777031,0.07716666666666668,0.0026055128704360036,0.005106805226054567,1.9923912266278834,0.1346133007437938,0.26384206945783584,147.20206535206026,5.1698916967498745,10.132987725629754,2.3266718816559417,0.03238138306731606,0.06346751081193948,0.10427403654190753,0.0015669651227975775,0.0030712516406832518
dyna_empirical_p5,21000,30,2.1199666666666666,0.023274744999446765,0.04561850019891566,2.061126984126984,0.005827005977519215,0.011420931715937662,152.2,1.1010966320461832,2.158149398810519,0.07623333333333333,0.0018825779178717242,0.0036898527190285793,2.1512279928378315,0.017368821481881774,0.03404289010448828,153.56590302475962,0.7814594399408888,1.531660502284142,2.3430313130134888,0.03499023370523145,0.06858085806225364,0.10306930628372062,0.0015544862786918154,0.0030467931062359583
dyna_empirical_p5,22000,30,2.111133333333333,0.02253873974453831,0.04417592989929509,2.0634,0.005630656766380335,0.011036087262105455,151.5,1.017942481946659,1.9951672646154515,0.07036666666666667,0.002299166932255133,0.0045063671872200605,2.096138882752786,0.05105794944751411,0.10007358091712765,150.92656732600906,2.383579940299421,4.671816682986865,2.2883789723912633,0.0342146586599187,0.06706073097344065,0.10169423173501026,0.0014843586164430065,0.0029093428882282927
dyna_empirical_p5,23000,30,2.096166666666667,0.020129527881207414,0.03945387464716653,2.0648246376811596,0.005340478972588919,0.010467338786274281,150.83333333333334,0.9372046150235582,1.8369210454461742,0.07133333333333333,0.0020646634711357064,0.0040467404034259845,1.9037815474120272,0.16053167964118417,0.31464209209672095,143.0224328139076,6.688452806300784,13.109367500349537,2.3540613766114924,0.032877703525749154,0.06444029891046835,0.10004725485040915,0.0014211542936274052,0.002785462415509714
dyna_empirical_p5,24000,30,2.113366666666667,0.025044534280317686,0.049087287189422665,2.066847222222222,0.005208698199224911,0.010209048470480826,151.8,1.1268917683039772,2.208707865875795,0.07443333333333334,0.0026071005312562514,0.005109917041262253,1.9282273376083208,0.1113372552715341,0.21822102033220683,142.86327082775182,5.310356939396496,10.408299601217132,2.342946934096866,0.034576743002768646,0.06777041628542654,0.0988856245643431,0.001384334879652115,0.0027132963641181454
dyna_empirical_p5,25000,30,2.0555,0.02638789996130454,0.051720283924156896,2.0663933333333335,0.005335024358352498,0.010456647742370895,149.16666666666666,1.18135255945539,2.315451016532564,0.077,0.002427334757092335,0.004757576123900977,2.0424504773092824,0.07699058883265902,0.15090155411201167,148.5149696828237,3.6053015848983345,7.066391106400736,2.2012123406645188,0.03854205258564736,0.07554242306786882,0.09749937453072684,0.0013311256305041672,0.0026090062357881677
dyna_empirical_p5,26000,30,2.155333333333333,0.030483661851010348,0.05974797722798028,2.0698141025641026,0.00563586073433968,0.011046287039305772,153.9,1.412871861334822,2.769228848216251,0.07656666666666667,0.002448402403507625,0.004798868710874945,1.8701745004718007,0.1359675384790246,0.2664963754188882,140.3125881429954,6.281776816627651,12.312282560590194,2.376721122446427,0.04336103154447997,0.08498762182718074,0.09624059768761549,0.0014488193527016481,0.0028396859312952304
dyna_empirical_p5,27000,30,2.1317,0.023210686698404558,0.04549294592887293,2.072106172839506,0.00555164520629526,0.01088122460433871,152.63333333333333,1.0949028543831634,2.1460095945910003,0.07360000000000001,0.0020014936950923062,0.00392292764238092,1.925617427153917,0.1413808732407995,0.277106511551967,143.94039711884326,5.808807825974227,11.385263338909484,2.353002045925346,0.03876117703752988,0.07597190699355857,0.09471292476414471,0.0013225689491025857,0.002592235140241068
dyna_empirical_p5,28000,30,2.1066,0.022759946669836315,0.04460949547287917,2.0733380952380953,0.0055693287202539105,0.010915884291697665,151.33333333333334,1.0186009487136296,1.996457859478714,0.07139999999999999,0.0022332904439182452,0.00437724927007976,1.9709661547654334,0.11189830984940671,0.21932068730483714,145.1088066287185,5.153978446367475,10.10179775488025,2.328594295078666,0.038746999003492266,0.07594411804684484,0.09332245817595651,0.0013120548637754062,0.002571627532999796
dyna_empirical_p5,29000,30,2.1469,0.01992101356882213,0.039045186594891375,2.075874712643678,0.005229390110425096,0.010249604616433188,153.33333333333334,0.9362843331437419,1.835117292961734,0.0731,0.0022981001648788267,0.0045042763231625,2.001807305324877,0.11620420180540843,0.2277602355386005,147.1819859050534,4.651989368841006,9.117899162928373,2.3706085024235812,0.03562101128497974,0.06981718211856029,0.0918214657350171,0.0012914711575479126,0.0025312834687939087
dyna_empirical_p5,30000,30,2.1048999999999998,0.023136593397105564,0.045347723058326905,2.0768422222222225,0.00537775440924596,0.010540398642122082,151.3,1.0636631564291525,2.084779786601139,0.07240000000000002,0.0017390709635009014,0.0034085790884617667,2.1663562838013872,0.016261803583556864,0.031873135023771454,154.32527024397407,0.6715935572642576,1.3163233722379448,2.3200717991719624,0.0432318547405593,0.08473443529149623,0.09074251387726485,0.0011406250624471882,0.002235625122396489
dyna_empirical_p10,1000,30,1.0696666666666665,0.09358817015985371,0.18343281351331328,1.0696666666666665,0.09358817015985371,0.18343281351331328,103.86666666666666,4.5012727021029635,8.822494496121807,0.11153333333333332,0.003152715790907507,0.006179322950178714,1.9898507704013444,0.04261612289844849,0.08352760088095904,146.0329500204928,2.024438223830014,3.9678989187068274,2.1763782872605986,0.06036238998228909,0.11831028436528662,0.17972430626220906,0.0017950855963482283,0.0035183677688425275
dyna_empirical_p10,2000,30,2.0478,0.03121510097269641,0.06118159790648496,1.558733333333333,0.054227997462678465,0.10628687502684979,148.7,1.4401069564365736,2.8226096346156844,0.0749,0.0032927471673430955,0.006453784447992467,2.0057112268100687,0.0527010035256764,0.10329396691032575,146.47953833405325,2.5427253645871892,4.983741714590891,2.361858985547393,0.04960861200983131,0.09723287953926937,0.1597699379172034,0.0017036267389964142,0.003339108408432972
dyna_empirical_p10,3000,30,2.0377,0.02683881860119864,0.05260408445834933,1.718388888888889,0.038763164313820715,0.0759758020550886,148.23333333333332,1.2136042390508306,2.3786643085396277,0.0752,0.0030855242293838727,0.00604762748959239,1.8920353393259617,0.13722314518132242,0.26895736455539193,142.255535956901,5.390946894697233,10.566255913606577,2.3483648810020896,0.03775110675173664,0.0739921692334038,0.14891590027348325,0.0020011241989940317,0.003922203430028302
dyna_empirical_p10,4000,30,2.102,0.02026672716264413,0.03972278523878249,1.8142916666666669,0.03036332218009519,0.05951211147298657,151.1,0.9139405649832154,1.791323507367102,0.0711,0.0028012107398757776,0.005490373050156524,2.061246921988272,0.04476957819310037,0.08774837325847673,149.01990451385927,2.171896473782782,4.256917088614253,2.3237173407973404,0.039368984795278006,0.07716321019874489,0.14198847361985747,0.0017178690458748446,0.003367023329914695
dyna_empirical_p10,5000,30,2.0825666666666662,0.03196117196552657,0.06264389705243208,1.8679466666666664,0.02621193363973936,0.05137538993388914,150.23333333333332,1.4922661416610286,2.924841637655616,0.07233333333333333,0.0020529392068381323,0.0040237608454027395,1.9296719722066351,0.120803660091836,0.23677517377999857,143.12244343432178,5.586829810150083,10.950186427894161,2.3239524435899273,0.039253137416950086,0.07693614933722216,0.13606495322630635,0.0016917782733312,0.003315885415729152
dyna_empirical_p10,6000,30,2.0691333333333337,0.01978985769107373,0.03878812107450451,1.9014777777777776,0.021315719101178368,0.041778809438309604,149.73333333333332,0.9020198704814073,1.7679589461435583,0.07526666666666665,0.0022626062346727672,0.004434708219958624,2.0776509856628538,0.0440828186554043,0.08640232456459243,149.89740551030312,2.1168256793304274,4.148978331487638,2.326886976441483,0.03715351805214799,0.07282089538221007,0.1318404396138541,0.0015717062396406211,0.0030805442296956173
dyna_empirical_p10,7000,30,2.0619,0.02437713032246865,0.04777917543203855,1.924395238095238,0.017166487112151945,0.033646314739817815,149.23333333333332,1.13328262225965,2.221233939628914,0.07200000000000001,0.002416894559211226,0.0047371133360540035,2.160483472579928,0.01595399909841019,0.03126983823288397,153.84992010745995,0.7003429008921639,1.3726720857486412,2.3025953109765696,0.027453211828316774,0.05380829518350088,0.12907305600384497,0.0016139455195430727,0.0031633332183044227
dyna_empirical_p10,8000,30,2.088333333333334,0.025565526956868607,0.05010843283546247,1.9448875,0.016945890210995213,0.03321394481355062,150.53333333333333,1.193597222475788,2.3394505560525447,0.07286666666666668,0.002180758769846068,0.004274287188898294,1.905353334491534,0.1532938502460522,0.30045594648226226,142.59985375945288,6.893465007694856,13.511191415081917,2.289097133736318,0.03300481511077806,0.06468943761712499,0.12635794529225056,0.001657956244774067,0.0032495942397571713
dyna_empirical_p10,9000,30,2.1176,0.025432877626564713,0.04984844014806684,1.9640777777777778,0.01571564687471662,0.03080266787444457,151.93333333333334,1.1665188740542967,2.2863769931464213,0.073,0.0030129986590671145,0.005905477371771544,2.0609492886605776,0.059542638506169365,0.11670357147209195,149.28976571648369,2.901003922598881,5.685967688293807,2.3013356312644486,0.028420894972556055,0.055704954146209865,0.123407172616551,0.001972986346231796,0.0038670532386143206
dyna_empirical_p10,10000,30,2.115266666666667,0.02164318444569079,0.042420641513553944,1.9791966666666672,0.014673742663505766,0.0287605356204713,151.83333333333334,0.992017951883048,1.944355185690774,0.07323333333333333,0.002102370492045528,0.004120646164409235,2.11741652705181,0.02769430369427835,0.054280835240785565,151.89042948586913,1.2973400599163107,2.542786517435969,2.363166283828441,0.03729793684973238,0.07310395622547546,0.12063480803986362,0.0019431080803504327,0.003808491837486848
dyna_empirical_p10,11000,30,2.1264333333333334,0.02208659464098639,0.04328972549633332,1.992581818181818,0.01393211745021976,0.02730695020243073,152.53333333333333,0.9834648265871534,1.9275910601108206,0.07676666666666668,0.0025729286204292092,0.00504294009604125,2.0975620962626103,0.04597317509279007,0.09010742318186854,150.76507492834534,2.2354943348256793,4.381568896258331,2.3486748790178678,0.04589321370142373,0.0899506988547905,0.1190816773409287,0.0020139459647381115,0.003947334090886699
dyna_empirical_p10,12000,30,2.0961333333333334,0.018326209692291085,0.03591937099689053,2.0012111111111115,0.013168201407554453,0.025809674758806727,150.96666666666667,0.835262135649068,1.6371137858721734,0.07416666666666667,0.002140514135969096,0.0041954077064994275,2.0560630836408063,0.04782326343558928,0.09373359633375498,148.88035565586273,2.3482611794908053,4.602591911801978,2.316423182336118,0.03177246055306098,0.06227402268399952,0.11681084142045853,0.0018498126222103236,0.0036256327395322342
dyna_empirical_p10,13000,30,2.1157666666666666,0.028181051893493167,0.055234861711246606,2.0100230769230767,0.012399586839558129,0.024303190205533932,151.96666666666667,1.3108594472411816,2.569284516592716,0.07553333333333333,0.0020621010005328223,0.004041717961044331,2.1409924855315365,0.019909793652390734,0.03902319555868584,153.190811379907,0.8373295973642862,1.641166010834001,2.305593606596565,0.04642651636418568,0.09099597207380393,0.11414712477786873,0.0018307754493479878,0.003588319880722056
dyna_empirical_p10,14000,30,2.0497,0.01836833544789611,0.036001937477876375,2.012857142857143,0.011434811514823714,0.02241223056905448,148.83333333333334,0.8789797289953132,1.7228002688308137,0.07580000000000002,0.0018139941324722298,0.0035554284996455704,1.984374972339634,0.12086105686817421,0.23688767146162143,147.00790017033324,4.595290605126531,9.006769586048001,2.300708278556392,0.03267284812416311,0.06403878232335969,0.11271629319791224,0.001839295065718525,0.003605018328808309
dyna_empirical_p10,15000,30,2.1285,0.020467060724799833,0.04011543902060767,2.0205666666666664,0.010593785377921392,0.020763819340725926,152.6,0.958447019743487,1.8785561586972346,0.0761,0.0019507440372459359,0.003823458313002034,1.6681115997866527,0.20370729357549636,0.39926629540797287,132.50480325150227,8.747693557289093,17.145479372286623,2.316516744575339,0.036482299545011525,0.07150530710822259,0.1113875840220265,0.0019025142621693642,0.003728927953851954
dyna_empirical_p10,16000,30,2.1091,0.024461104475961587,0.04794376477288471,2.0261,0.010493658114889386,0.020567569905183197,151.43333333333334,1.13328262225965,2.221233939628914,0.07100000000000001,0.00242638750446813,0.004755719508757535,2.0604992740785404,0.08117466964616327,0.15910235250648,149.35662492729182,3.7315470190308972,7.313832157300559,2.346639450047163,0.03717061512091448,0.07285440563699237,0.1093800135833212,0.0018820013470848523,0.0036887226402863103
dyna_empirical_p10,17000,30,2.1065,0.022533385193438248,0.04416543497913897,2.030829411764706,0.01018818881966018,0.019968850086533953,151.5,1.0314034629805526,2.021550787441883,0.075,0.002293919999807587,0.004496083199622871,1.7169188563250026,0.20749363656127354,0.40668752766009614,135.5610933370143,8.273715604694317,16.21648258520086,2.318736299959951,0.03834589877505777,0.07515796159911323,0.10770311950980886,0.0019199980901124726,0.003763196256620446
dyna_empirical_p10,18000,30,2.1260666666666665,0.022561279684365613,0.0442201081813566,2.0361203703703703,0.01013017237006815,0.019855137845333572,152.36666666666667,1.0520733042653885,2.0620636763601614,0.07363333333333331,0.0021267228760632824,0.004168376837084034,1.7915408522228016,0.17462504215796318,0.3422650826296078,138.65099654307394,6.932615668089198,13.587926709454829,2.35913667637004,0.028426957600822204,0.05571683689761152,0.10607845056460073,0.0019044982674789647,0.0037328166042587705
dyna_empirical_p10,19000,30,2.0665333333333336,0.02288279649603447,0.04485028113222756,2.037721052631579,0.009753237173775256,0.019116344860599502,149.56666666666666,1.0501049026232618,2.0582056091415932,0.07436666666666668,0.002324029068473781,0.00455509697420861,1.9636934457913429,0.11381413719700892,0.22307570890613748,144.57755851699287,5.267564324320627,10.324426075668429,2.314923516009907,0.02837816235994611,0.05562119822549438,0.10421513127342621,0.001823002858424797,0.003573085602512602
dyna_empirical_p10,20000,30,2.104133333333333,0.021598623483881262,0.04233330202840727,2.0410416666666666,0.009782044036723538,0.019172806311978135,151.5,1.0134157558736065,1.9862948815122687,0.07736666666666668,0.0018897687831160317,0.003703946814907422,1.9974519434937292,0.11058066590494657,0.21673810517369527,146.36739234712385,5.078222755564048,9.953316600905534,2.2738271570062456,0.036277919256095574,0.07110472174194732,0.10185953672845002,0.0016680572825419195,0.003269392273782162
dyna_empirical_p10,21000,30,2.0692333333333335,0.026567531966467495,0.05207236265427629,2.042384126984127,0.009425791702201976,0.018474551736315875,149.83333333333334,1.2522011271498077,2.454314209213623,0.07726666666666665,0.001958144402723075,0.0038379630293372273,1.9334973848692725,0.1246560613764389,0.24432588029782026,144.43583369173103,4.852151636570168,9.51021720767753,2.328323545327994,0.036510170832453295,0.07155993483160845,0.10045690044405724,0.001620029761168665,0.0031752583318905834
dyna_empirical_p10,22000,30,2.1064,0.02142817996358357,0.0419992327286238,2.045293939393939,0.009354807530130065,0.018335422759054927,151.33333333333334,0.9794830132167054,1.9197867059047424,0.07160000000000001,0.002064811922636556,0.004047031368367649,2.1401340151644086,0.028075420839997815,0.05502782484639571,152.92737942998568,1.350281804531427,2.646552336881597,2.3255417290792244,0.03328443016362656,0.06523748312070805,0.09848904293086767,0.0015643482518531953,0.003066122573632263
dyna_empirical_p10,23000,30,2.083466666666667,0.018879760697230095,0.037004330966570985,2.0469536231884056,0.009246951490713055,0.01812402492179759,150.3,0.8868775136048558,1.7382799266655173,0.07283333333333335,0.0018754820580830867,0.00367594483384285,2.1278377527867187,0.04165786567461542,0.08164941672224622,152.21347574050455,2.0365322130471255,3.991603137572366,2.2808370439999126,0.04019894976349295,0.07878994153644618,0.09703508399331569,0.00161560616386873,0.0031665880811827104
dyna_empirical_p10,24000,30,2.1133,0.025930240190207253,0.05082327077280621,2.0497180555555556,0.00920354187925157,0.018038942083333075,151.76666666666668,1.1954735831973056,2.343128223066719,0.07380000000000002,0.0025345429658968125,0.004967704213157753,2.1185951505095115,0.031212859892181498,0.061177205388675736,152.0611095473416,1.479930965658016,2.9006646926897113,2.3247541113035473,0.039779385527453984,0.07796759563380981,0.09631446370067795,0.0016087373357587507,0.0031531251780871515
dyna_empirical_p10,25000,30,2.088333333333333,0.02482399346078298,0.04865502718313464,2.0512626666666667,0.009236476749458905,0.018103494428939455,150.66666666666666,1.1430281754889884,2.240335223958417,0.07566666666666667,0.0024706708723314344,0.004842514909769611,2.1254108951120037,0.03096624972186447,0.06069384945485436,152.35853342428516,1.444911356176879,2.8320262581066826,2.2449546656707065,0.033370531609717334,0.06540624195504598,0.09523000924011894,0.0015982643942852692,0.0031325982127991276
dyna_empirical_p10,26000,30,2.1261,0.02290276046204058,0.04488941050559954,2.0541410256410253,0.00928603708307996,0.018200632682836723,152.6,1.0587348772142555,2.075120359339941,0.0785,0.0024347814931817246,0.0047721717266361804,2.100146240284052,0.057121545506457774,0.11195822919265723,151.01559810171932,2.780173152757037,5.449139379403792,2.3340676844397827,0.03929342312734057,0.07701510932958751,0.09364882439305552,0.0016339479105045315,0.0032025379045888818
dyna_empirical_p10,27000,30,2.1032666666666664,0.026311831757242908,0.0515711902441961,2.0559604938271603,0.009036869879138069,0.017712264963110614,151.23333333333332,1.1896907096696727,2.3317937909525583,0.07263333333333331,0.0022078664655050847,0.004327418272389966,1.9716637179947236,0.0965271333260511,0.18919318131906016,145.02856658742482,4.544952729206153,8.908107349244059,2.3310381202794566,0.03525875719014153,0.06910716409267739,0.09244359716282648,0.0015912362252263155,0.003118823001443578
dyna_empirical_p10,28000,30,2.086666666666667,0.025576315073135663,0.0501295775433459,2.057057142857143,0.00920787359154541,0.018047432239429003,150.5,1.1732164257327782,2.299504194436245,0.07383333333333333,0.002152295397692241,0.004218498979476792,2.1183077397988885,0.03264279349846264,0.06397987525698678,152.03126885656093,1.5571853384471783,3.0520832633564696,2.3327356998179654,0.03051092189392047,0.05980140691208412,0.09123573478213753,0.00159796192196565,0.003132005367052674
dyna_empirical_p10,29000,30,2.1377,0.02199086278382482,0.04310209105629665,2.0598379310344828,0.008919579428449691,0.017482375679761394,152.96666666666667,1.0399860004952248,2.0383725609706405,0.0746,0.0019754818995961934,0.003871944523208539,1.9711481621243379,0.11308175993543527,0.22164024947345312,145.03505208467283,5.228096970395734,10.24707006197564,2.364199167625429,0.03829911239035369,0.07506626028509324,0.09028698679422345,0.0016192841738815297,0.0031737969808077983
dyna_empirical_p10,30000,30,2.098433333333333,0.02067569417218962,0.04052436057749166,2.0611244444444443,0.008806562909371249,0.017260863302367646,151.16666666666666,0.9542203091883095,1.8702718060090866,0.07606666666666669,0.0019021665405249666,0.0037282464194289345,2.057671559607894,0.1073989921540264,0.21050202462189174,149.32906191178765,4.906211663641241,9.616174860736834,2.3451876158861973,0.03473211713723225,0.06807494958897521,0.08912737735579836,0.0015900167738650624,0.003116432876775522
dyna_oracle_p10,1000,30,1.6776666666666666,0.034208701364450325,0.06704905467432264,1.6776666666666666,0.034208701364450325,0.06704905467432264,132.33333333333334,1.5976515331748469,3.1313970050227,0.10133333333333333,0.0020287209794007,0.003976293119625373,2.0436201830088625,0.09962981275045402,0.19527443299088987,148.5135857681266,4.836746410971634,9.480022965504403,2.2861571962414176,0.029724386468606822,0.05825979747846937,0.0,0.0,0.0
dyna_oracle_p10,2000,30,2.1220000000000003,0.024047510445380615,0.047133120472946,1.8998333333333337,0.019251381997463464,0.03773270871502839,152.03333333333333,1.1411663053203362,2.236685958427859,0.07070000000000001,0.0018496038718489479,0.003625223588823938,2.070577065958936,0.05886182784085962,0.11536918256808484,149.46191455198058,2.8948346344498863,5.673875883521777,2.3465625887591974,0.04763106510902764,0.09335688761369418,0.0,0.0,0.0
dyna_oracle_p10,3000,30,2.0944333333333334,0.025166876759418415,0.04932707844846009,1.9647,0.01404798699804773,0.02753405451617355,150.83333333333334,1.1597496096520672,2.2731092349180515,0.07306666666666668,0.0023400232503675124,0.004586445570720324,2.131184005403568,0.03348541124908991,0.06563140604821621,152.6651063857932,1.5714931768008442,3.0801266265296547,2.31965507966175,0.03440168223156507,0.06742729717386753,0.0,0.0,0.0
dyna_oracle_p10,4000,30,2.1111666666666666,0.026200029978632203,0.051352058758119115,2.0013166666666664,0.012299541700959421,0.024107101733880466,151.76666666666668,1.197395001355873,2.346894202657511,0.07593333333333334,0.0023799610415691625,0.004664723641475558,2.153508204433896,0.03284051487472812,0.0643674091544671,153.55518377264116,1.5487759775543666,3.0356009160065582,2.339179462793217,0.04715657301848828,0.09242688311623702,0.0,0.0,0.0
dyna_oracle_p10,5000,30,2.1221666666666668,0.02866577451164524,0.056184918042824675,2.0254866666666667,0.01123019608976439,0.022011184335938204,152.3,1.3486050690190616,2.643265935277361,0.07613333333333333,0.0019421124494435242,0.0038065404009093072,1.9814112040828133,0.07508876113705439,0.1471739718286266,145.3013535517192,3.6180757888982327,7.091428546240536,2.3342109023674524,0.037216240127056634,0.072943830649031,0.0,0.0,0.0
dyna_oracle_p10,6000,30,2.081033333333333,0.023210158464316816,0.045491910590060955,2.0347444444444447,0.009535779009142162,0.018690126857918637,150.3,1.0744151041808534,2.1058536041944724,0.07526666666666668,0.0018704805045783458,0.003666141788973558,2.118503399817515,0.03222217191601833,0.06315545695539593,151.92974392761468,1.5601765358808461,3.057946010326458,2.314879173822736,0.03751290220644637,0.07352528832463488,0.0,0.0,0.0
dyna_oracle_p10,7000,30,2.0890999999999997,0.023626954702325627,0.046308831216558224,2.042509523809524,0.00831784913772155,0.016302984309934238,150.53333333333333,1.0835587740673034,2.1237751971719145,0.0721,0.0019454337931880798,0.003813050234648636,2.1448193924005015,0.03234655319925845,0.06339924427054656,153.14270788240037,1.5535569642364115,3.0449716499033666,2.3223801024151567,0.035227042121387796,0.06904500255792008,0.0,0.0,0.0
dyna_oracle_p10,8000,30,2.1049333333333333,0.025858720191875028,0.050683091576075055,2.0503125,0.007789486794767814,0.015267394117744915,151.36666666666667,1.1758912817575482,2.3047469122447946,0.07376666666666667,0.0021018236927128407,0.004119574437717168,2.0327419666845166,0.12426985443498081,0.2435689146925624,149.0193792583937,4.784942466581295,9.378487234499339,2.2684039261404725,0.041575803218876446,0.08148857430899784,0.0,0.0,0.0
dyna_oracle_p10,9000,30,2.147666666666667,0.024685857710057924,0.04838428111171353,2.06112962962963,0.006443099087414658,0.01262847421133273,153.46666666666667,1.1702572006652265,2.293704113303844,0.07513333333333334,0.0021622324209357316,0.004237975545034034,2.022862535222897,0.10948056690037535,0.21458191112473568,147.67664747847914,5.026348110431004,9.85164229644477,2.318223277557329,0.02904146033677648,0.0569212622600819,0.0,0.0,0.0
dyna_oracle_p10,10000,30,2.1070666666666664,0.019083418410692256,0.03740350008495682,2.065723333333333,0.00663791561823358,0.013010314611737817,151.53333333333333,0.9017649785993869,1.7674593580547981,0.07513333333333333,0.0017037708910068118,0.003339390946373351,2.037880237368092,0.08255237961496124,0.16180266404532404,148.2132192753156,3.817971647206167,7.483224428524087,2.307851311999659,0.038700212888206166,0.07585241726088408,0.0,0.0,0.0
dyna_oracle_p10,11000,30,2.1562333333333332,0.01987730660848352,0.0389595209526277,2.0739515151515153,0.006362120633538884,0.012469756441736214,153.8,0.9190199677642619,1.8012791368179533,0.07356666666666666,0.002255355482510556,0.0044204967457206895,2.048531802739192,0.077434314830161,0.15177125706711556,148.57978735369622,3.6239608780924457,7.1029633210611935,2.4113091073645334,0.0333807274683949,0.065426225838054,0.0,0.0,0.0
dyna_oracle_p10,12000,30,2.1083333333333334,0.0190993971941545,0.03743481850054282,2.0768166666666668,0.005847136651752344,0.011460387837434595,151.5,0.8915310349095519,1.7474008284227216,0.07316666666666666,0.001916104365293633,0.0037555645559755207,1.8621945145851628,0.14158732102769012,0.2775111492142726,141.18629226598952,5.766828497391718,11.302983854887767,2.2716321387248306,0.03589866222452057,0.07036137796006031,0.0,0.0,0.0
dyna_oracle_p10,13000,30,2.103766666666667,0.02943079485545293,0.057684357916687745,2.0788897435897438,0.006109104242001663,0.01197384431432326,151.43333333333334,1.397603312516498,2.7393024925323357,0.07633333333333332,0.0019706661067300465,0.003862505569190891,1.9413680302848761,0.12450694298826974,0.24403360825700868,144.82334425157327,4.847074296229001,9.500265620608843,2.2699927846949888,0.049056186744676135,0.09615012601956523,0.0,0.0,0.0
dyna_oracle_p10,14000,30,2.093466666666666,0.021431673484646283,0.04200608002990672,2.0799309523809524,0.0058445742870161235,0.011455365602551603,150.96666666666667,1.0243959064639396,2.0078159766693218,0.07683333333333334,0.0018395922420086027,0.0036056007943368615,2.084993142484918,0.04910641904780998,0.09624858133370755,150.3707189440526,2.377998607333886,4.660877270374416,2.3384562255186205,0.03092537835690068,0.06061374157952533,0.0,0.0,0.0
dyna_oracle_p10,15000,30,2.153566666666667,0.022133746187812702,0.04338214252811289,2.0848400000000002,0.005761605956054963,0.011292747673867728,153.73333333333332,1.024900705404527,2.0088053825928727,0.07483333333333334,0.0021421244870473014,0.0041985639946127105,1.9342686600070158,0.13043510100275738,0.25565279796540447,143.53071865780626,5.9914651299111945,11.743271654625941,2.3357364241143594,0.032029149056545116,0.06277713215082842,0.0,0.0,0.0
dyna_oracle_p10,16000,30,2.1220666666666665,0.02015936126823702,0.03951234808574456,2.0871666666666666,0.005369269309827541,0.01052376784726198,152.06666666666666,0.9695754887333373,1.9003679579173411,0.07133333333333332,0.0021190614563855142,0.0041533604545156075,2.138674759271836,0.03181578645768584,0.06235894145706424,152.90419952280817,1.5439636098889442,3.0261686753823307,2.355045570385959,0.03773482841069803,0.07396026368496814,0.0,0.0,0.0
dyna_oracle_p10,17000,30,2.163066666666667,0.020148068749374023,0.03949021474877308,2.0916313725490197,0.005141726733589984,0.010077784397836369,153.93333333333334,0.935793146085467,1.8341545663275154,0.06953333333333335,0.0016342127587912684,0.003203057007230886,1.965576045567991,0.11897332152709578,0.23318771019310772,144.716496477874,5.668514597613667,11.110288611322787,2.375793671667491,0.034997709505277856,0.0685955106303446,0.0,0.0,0.0
dyna_oracle_p10,18000,30,2.1259333333333337,0.02338537382237583,0.04583533269185663,2.093537037037037,0.004853512823431352,0.00951288513392545,152.26666666666668,1.0985186821438937,2.153096617002032,0.07166666666666668,0.002063549744467703,0.004044557499156698,2.0880662612375307,0.10615633162699127,0.20806640998890288,151.4866756714483,3.975992683783484,7.792945660215628,2.3000199871286964,0.03997777334688519,0.07835643575989497,0.0,0.0,0.0
dyna_oracle_p10,19000,30,2.072833333333333,0.02116145288307505,0.0414764476508271,2.0924473684210523,0.004631223347455535,0.009077197761012849,149.8,0.9819052556303396,1.9245343010354656,0.07296666666666667,0.002212546945191069,0.0043365920125744955,2.0193442311628105,0.08811172856132335,0.17269898798019376,147.19058734145239,4.096661647749796,8.0294568295896,2.293219714097142,0.0372416916082978,0.0729937155522637,0.0,0.0,0.0
dyna_oracle_p10,20000,30,2.0991333333333335,0.017583020370914228,0.03446271992699189,2.0927816666666663,0.004504754501924098,0.008829318823771233,151.33333333333334,0.8432740427115679,1.6528171237146732,0.07886666666666665,0.0022558905437972537,0.004421545465842617,1.9976567280730966,0.13683680277110905,0.2682001334313737,147.55775570308296,5.294338023480817,10.376902526022402,2.31966396286394,0.03299659533417885,0.06467332685499054,0.0,0.0,0.0
dyna_oracle_p10,21000,30,2.0937333333333332,0.02617662962830238,0.05130619407147266,2.092826984126984,0.004343727336821861,0.008513705580170847,150.9,1.209493101765525,2.370606479460429,0.07516666666666666,0.00195176509170035,0.003825459579732686,2.0275684279456407,0.05578632026688199,0.10934118772308869,147.60064654309355,2.7230313686549366,5.337141482563675,2.2934132606454067,0.03144087296810904,0.06162411101749372,0.0,0.0,0.0
dyna_oracle_p10,22000,30,2.1229,0.02239418797751805,0.04389260843593538,2.0941939393939393,0.004241102160022059,0.008312560233643235,152.13333333333333,1.0347228329345828,2.028056752551782,0.0719,0.0015412713068695305,0.0030208917614642796,2.0395477737328433,0.1325563008407207,0.2598103496478126,149.42276242573215,5.009013762257488,9.817666974024675,2.3115822707365314,0.033900733785595334,0.06644543821976685,0.0,0.0,0.0
dyna_oracle_p10,23000,30,2.0983,0.023034414532901917,0.04514745248448775,2.0943724637681154,0.004313958892781795,0.008455359429852318,151.0,1.0827805840074194,2.1222499446545418,0.0727,0.0019734735116411937,0.0038680080828167396,2.135006905283731,0.040362552340187645,0.07911060258676779,152.57991281638218,1.990962581886363,3.9022866604972712,2.3390498279019867,0.03829226472733662,0.07505283886557977,0.0,0.0,0.0
dyna_oracle_p10,24000,30,2.087433333333333,0.025887940801214822,0.05074036397038105,2.0940833333333333,0.004193412721047395,0.008219088933252894,150.5,1.2060670384142937,2.3638913952920158,0.07306666666666667,0.002226245400304171,0.004363440984596175,1.9683397906086453,0.13004422444846325,0.25488667991898795,146.0239645293481,5.0317086528683586,9.862148959621983,2.300176274776476,0.03998440561667097,0.0783694350086751,0.0,0.0,0.0
dyna_oracle_p10,25000,30,2.0906,0.01778599474854871,0.03486054970715547,2.093944,0.004050152078881603,0.007938298074607941,150.86666666666667,0.8342294032926479,1.63508963045359,0.07760000000000002,0.001887405322281018,0.0036993144316707955,2.105264483634824,0.03496761568784506,0.06853652674817631,151.57341189196492,1.6109741564082467,3.1575093465601634,2.2428925785633558,0.028853145749027417,0.056552165668093735,0.0,0.0,0.0
dyna_oracle_p10,26000,30,2.1359333333333335,0.019438848017836255,0.03810014211495906,2.0955589743589744,0.00410039069861569,0.008036765769286752,153.03333333333333,0.9389200611479411,1.8402833198499646,0.07776666666666666,0.0018947497534905478,0.0037137095168414736,2.003891548553088,0.11049745540338474,0.21657501259063408,146.82466868804684,5.070371177160671,9.937927507234914,2.340366566979884,0.038249821536610905,0.07496965021175737,0.0,0.0,0.0
dyna_oracle_p10,27000,30,2.0930000000000004,0.02347412368457278,0.04600928242176265,2.095464197530864,0.004188696309836523,0.008209844767279584,150.73333333333332,1.083770910743216,2.1241909850567033,0.07240000000000002,0.0017284635393598996,0.0033877885371454033,2.0774011384289497,0.080231953045473,0.15725462796912706,150.22780644792763,3.6631364528415657,7.1797474475694685,2.2880695927076946,0.037238323942831726,0.07298711492795018,0.0,0.0,0.0
dyna_oracle_p10,28000,30,2.0809,0.026920331589220137,0.052763849914871465,2.0949440476190473,0.004018771081360416,0.007876791319466414,150.23333333333332,1.217386812537821,2.3860781525741293,0.07400000000000001,0.0026764189490445247,0.005245781140127268,1.8392726399745878,0.15235134550278304,0.2986086371854548,138.9720029886945,7.1829995010352174,14.078679022029027,2.2729506707155127,0.03695766188360395,0.07243701729186373,0.0,0.0,0.0
dyna_oracle_p10,29000,30,2.1273999999999997,0.02393658288060349,0.046915702445982845,2.0960632183908046,0.0040061954300979145,0.007852143042991913,152.46666666666667,1.122121690425154,2.199358513233302,0.07440000000000001,0.002451178463937084,0.004804309789316685,1.8949704933367344,0.16264191368453143,0.3187781508216816,143.49313436351542,6.281489127608608,12.31171869011287,2.340847324268791,0.039432821017413244,0.07728832919412995,0.0,0.0,0.0
dyna_oracle_p10,30000,30,2.0969,0.021020479887781905,0.04120014058005253,2.0960911111111113,0.003815288842078512,0.007477966130473883,151.03333333333333,0.9666666666666667,1.8946666666666667,0.0748,0.0020945468332748277,0.004105311793218662,2.06723251077874,0.057890824859290424,0.11346601672420922,149.43468785064456,2.842967976382465,5.572217233709631,2.3310087248895996,0.04392405763157219,0.0860911529578815,0.0,0.0,0.0
